No;Kode Produk;Nama Produk;Jenis Produk;Satuan;Type;Periode;QTY;Harga; Jumlah
1;APA;ASTOR PANJANG ALADIN;Manis;BALL 4 KG;out;2023-01;30;165000;4950000
2;AMA;ASTOR MINI ALADIN;Manis;BALL 4 KG;out;2023-01;45;140000;6300000
3;APV;ASTOR PANJANG VALEO ;Manis;BALL 4 KG;out;2023-01;45;160000;7200000
4;BI;BAGELEN ION;Manis;BALL 1 KG;out;2023-01;80;63000;5040000
5;B2B;BANPOL 2 BURUNG;Asin;BALL 2 KG;out;2023-01;65;124000;8060000
6;BK;BANTAL KEJU;Asin;BALL 1 KG;out;2023-01;80;60000;4800000
7;BA;BASRENG ATO;Pedas;BALL 2 KG;out;2023-01;45;75000;3375000
8;BO;BATAGOR ORI;Asin;BALL 2 KG;out;2023-01;10;70000;700000
9;BPD;BOLA PELANGI DUO;Manis;BALL 4 KG;out;2023-01;20;140000;2800000
10;BSA;BOLU S AZZAHRA;Manis;BALL 1 KG;out;2023-01;50;65000;3250000
11;BKT;BROWNIS KARAKTER;Manis;BALL 1 KG;out;2023-01;30;72000;2160000
12;CO;CIKIBUL OSAKA;Manis;BALL 1 KG;out;2023-01;45;40000;1800000
13;CW;CIPUT WAYANG ;Asin;BALL 1 KG;out;2023-01;45;80000;3600000
14;CC;COCOSTIK;Manis;BALL 1 KG;out;2023-01;68;40000;2720000
15;CP;COMBRING PEDAS;Pedas;BALL 1 KG;out;2023-01;30;60000;1800000
16;GD;GURILEM DASYAT;Pedas;BALL 1 KG;out;2023-01;80;50000;4000000
17;GL;GURILEM LYDIA;Pedas;BALL 1 KG;out;2023-01;45;55000;2475000
18;KAB;KACANG ATOM BIMA ;Asin;BALL 2 KG;out;2023-01;20;110000;2200000
19;KBA;KACANG BANDUNG ALADIN;Asin;BALL 2 KG;out;2023-01;45;150000;6750000
20;KK;KACANG KEDELAI;Asin;BALL 2 KG;out;2023-01;40;110000;4400000
21;KM;KACANG MIX;Asin;BALL 2 KG;out;2023-01;85;110000;9350000
22;KTA;KACANG TELOR AMPERA;Asin;BALL 2 KG;out;2023-01;35;130000;4550000
23;KTP;KACANG TOBA PEDAS;Pedas;BALL 2 KG;out;2023-01;30;110000;3300000
24;KCI;KEMPLANG CAP IKAN ;Asin;BALL 1 KG;out;2023-01;80;75000;6000000
25;KKW;KERUPUK KEMPLANG WHR;Asin;BALL 1 KG;out;2023-01;45;70000;3150000
26;KMW;KUE MARIE WIJEN;Asin;BALL 2 KG;out;2023-01;80;115000;9200000
27;KPM;KUPING MINI;Manis;BALL 1 KG;out;2023-01;45;40000;1800000
28;LU;LADU UNGU;Manis;BALL 1 KG;out;2023-01;45;40000;1800000
29;MC;MAKARONI CIKRUH;Pedas;BALL 1 KG;out;2023-01;46;70000;3220000
30;MCM;MAKARONI CIKRUH MAWARASA;Pedas;BALL 1 KG;out;2023-01;80;70000;5600000
31;MOK;MAKARONI ORI KIORY;Asin;BALL 1 KG;out;2023-01;80;55000;4400000
32;MRB;MAKARONI RUJAK BALI ;Pedas;BALL 1 KG;out;2023-01;120;60000;7200000
33;MT;MAKARONI TABUR;Pedas;BALL 1 KG;out;2023-01;20;60000;1200000
34;MPK;ManisAN PALA KERING;Manis;BALL 4 KG;out;2023-01;50;240000;12000000
35;MM;MARNING ;Asin;BALL 2 KG;out;2023-01;80;90000;7200000
36;MCBM;MARNING CAP BOGOR MAS;Asin;BALL 2 KG;out;2023-01;45;127000;5715000
37;MJS;MARNING JAGUNG AJI SUKA;Asin;BALL 2 KG;out;2023-01;56;100000;5600000
38;MGS;MIE GULUNG ORI/Pedas SDP;Pedas;BALL 1 KG;out;2023-01;45;75000;3375000
39;PM;PANGSIT MAWAR;Pedas;BALL 1 KG;out;2023-01;40;70000;2800000
40;PTB;PILUS TIGA BURUNG ;Asin;BALL 1 KG;out;2023-01;85;53000;4505000
41;PAM;PISANG AROMA MAUYUT;Manis;BALL 2 KG;out;2023-01;30;75000;2250000
42;PAS;PISANG ASIN SDP;Asin;BALL 2 KG;out;2023-01;80;80000;6400000
43;PST;POKEN STIK TAKARA;Asin;BALL 1 KG;out;2023-01;45;65000;2925000
44;PBR;POTATO BULAT BALADO RIORY;Pedas;BALL 1 KG;out;2023-01;30;50000;1500000
45;PKR;POTATO  KOTAK RYORI;Asin;BALL 1 KG;out;2023-01;200;50000;10000000
46;SA;SIOMAY AZAHRA;Pedas;BALL 1 KG;out;2023-01;80;60000;4800000
47;SB;SALE BASAH ;Manis;BALL 1 KG;out;2023-01;45;46000;2070000
48;SBM;SINGKONG BALADO MJ;Pedas;BALL 2 KG;out;2023-01;40;100000;4000000
49;ST;SINGKONG TES ;Asin;BALL 2 KG;out;2023-01;80;120000;9600000
50;SV;SEBLAK VIRAL;Pedas;BALL 1 KG;out;2023-01;40;68000;2720000
51;SM;SISTIK MAWAR;Asin;BALL 1 KG;out;2023-01;30;65000;1950000
52;SBT;STIK BALADO TAKARA;Pedas;BALL 1 KG;out;2023-01;45;60000;2700000
53;SUL;SUMPIA UDANG JAYA LAKSANA ;Asin;BALL 2 KG;out;2023-01;80;110000;8800000
54;TGW;TELOR GABUS WIJEN ;Asin;BALL 2 KG;out;2023-01;80;85000;6800000
55;TGT;TELOR GABUS TJ;Asin;BALL 1 KG;out;2023-01;35;35000;1225000
56;APA;ASTOR PANJANG ALADIN;Manis;BALL 4 KG;out;2023-02;40;165000;6600000
57;AMA;ASTOR MINI ALADIN;Manis;BALL 4 KG;out;2023-02;54;140000;7560000
58;APV;ASTOR PANJANG VALEO ;Manis;BALL 4 KG;out;2023-02;54;160000;8640000
59;BI;BAGELEN ION;Manis;BALL 1 KG;out;2023-02;60;63000;3780000
60;B2B;BANPOL 2 BURUNG;Asin;BALL 2 KG;out;2023-02;54;124000;6696000
61;BK;BANTAL KEJU;Asin;BALL 1 KG;out;2023-02;30;60000;1800000
62;BA;BASRENG ATO;Pedas;BALL 2 KG;out;2023-02;54;75000;4050000
63;BO;BATAGOR ORI;Asin;BALL 2 KG;out;2023-02;15;70000;1050000
64;BPD;BOLA PELANGI DUO;Manis;BALL 4 KG;out;2023-02;22;140000;3080000
65;BSA;BOLU S AZZAHRA;Manis;BALL 1 KG;out;2023-02;15;65000;975000
66;BKT;BROWNIS KARAKTER;Manis;BALL 1 KG;out;2023-02;40;72000;2880000
67;CO;CIKIBUL OSAKA;Manis;BALL 1 KG;out;2023-02;54;40000;2160000
68;CW;CIPUT WAYANG ;Asin;BALL 1 KG;out;2023-02;40;80000;3200000
69;CC;COCOSTIK;Manis;BALL 1 KG;out;2023-02;15;40000;600000
70;CP;COMBRING PEDAS;Pedas;BALL 1 KG;out;2023-02;45;60000;2700000
71;GD;GURILEM DASYAT;Pedas;BALL 1 KG;out;2023-02;60;50000;3000000
72;GL;GURILEM LYDIA;Pedas;BALL 1 KG;out;2023-02;54;55000;2970000
73;KAB;KACANG ATOM BIMA ;Asin;BALL 2 KG;out;2023-02;35;110000;3850000
74;KBA;KACANG BANDUNG ALADIN;Asin;BALL 2 KG;out;2023-02;54;150000;8100000
75;KK;KACANG KEDELAI;Asin;BALL 2 KG;out;2023-02;45;110000;4950000
76;KM;KACANG MIX;Asin;BALL 2 KG;out;2023-02;60;110000;6600000
77;KTA;KACANG TELOR AMPERA;Asin;BALL 2 KG;out;2023-02;54;130000;7020000
78;KTP;KACANG TOBA PEDAS;Pedas;BALL 2 KG;out;2023-02;40;110000;4400000
79;KCI;KEMPLANG CAP IKAN ;Asin;BALL 1 KG;out;2023-02;60;75000;4500000
80;KKW;KERUPUK KEMPLANG WHR;Asin;BALL 1 KG;out;2023-02;54;70000;3780000
81;KMW;KUE MARIE WIJEN;Asin;BALL 2 KG;out;2023-02;60;115000;6900000
82;KPM;KUPING MINI;Manis;BALL 1 KG;out;2023-02;54;40000;2160000
83;LU;LADU UNGU;Manis;BALL 1 KG;out;2023-02;54;40000;2160000
84;MC;MAKARONI CIKRUH;Pedas;BALL 1 KG;out;2023-02;60;70000;4200000
85;MCM;MAKARONI CIKRUH MAWARASA;Pedas;BALL 1 KG;out;2023-02;60;70000;4200000
86;MOK;MAKARONI ORI KIORY;Asin;BALL 1 KG;out;2023-02;30;55000;1650000
87;MRB;MAKARONI RUJAK BALI ;Pedas;BALL 1 KG;out;2023-02;130;60000;7800000
88;MT;MAKARONI TABUR;Pedas;BALL 1 KG;out;2023-02;15;60000;900000
89;MPK;ManisAN PALA KERING;Manis;BALL 4 KG;out;2023-02;20;240000;4800000
90;MM;MARNING ;Asin;BALL 2 KG;out;2023-02;65;90000;5850000
91;MCBM;MARNING CAP BOGOR MAS;Asin;BALL 2 KG;out;2023-02;54;127000;6858000
92;MJS;MARNING JAGUNG AJI SUKA;Asin;BALL 2 KG;out;2023-02;15;100000;1500000
93;MGS;MIE GULUNG ORI/Pedas SDP;Pedas;BALL 1 KG;out;2023-02;54;75000;4050000
94;PM;PANGSIT MAWAR;Pedas;BALL 1 KG;out;2023-02;45;70000;3150000
95;PTB;PILUS TIGA BURUNG ;Asin;BALL 1 KG;out;2023-02;60;53000;3180000
96;PAM;PISANG AROMA MAUYUT;Manis;BALL 2 KG;out;2023-02;45;75000;3375000
97;PAS;PISANG ASIN SDP;Asin;BALL 2 KG;out;2023-02;60;80000;4800000
98;PST;POKEN STIK TAKARA;Asin;BALL 1 KG;out;2023-02;54;65000;3510000
99;PBR;POTATO BULAT BALADO RIORY;Pedas;BALL 1 KG;out;2023-02;40;50000;2000000
100;PKR;POTATO  KOTAK RYORI;Asin;BALL 1 KG;out;2023-02;150;50000;7500000
101;SA;SIOMAY AZAHRA;Pedas;BALL 1 KG;out;2023-02;60;60000;3600000
102;SB;SALE BASAH ;Manis;BALL 1 KG;out;2023-02;54;46000;2484000
103;SBM;SINGKONG BALADO MJ;Pedas;BALL 2 KG;out;2023-02;45;100000;4500000
104;ST;SINGKONG TES ;Asin;BALL 2 KG;out;2023-02;60;120000;7200000
105;SV;SEBLAK VIRAL;Pedas;BALL 1 KG;out;2023-02;45;68000;3060000
106;SM;SISTIK MAWAR;Asin;BALL 1 KG;out;2023-02;45;65000;2925000
107;SBT;STIK BALADO TAKARA;Pedas;BALL 1 KG;out;2023-02;54;60000;3240000
108;SUL;SUMPIA UDANG JAYA LAKSANA ;Asin;BALL 2 KG;out;2023-02;60;110000;6600000
109;TGW;TELOR GABUS WIJEN ;Asin;BALL 2 KG;out;2023-02;20;85000;1700000
110;TGT;TELOR GABUS TJ;Asin;BALL 1 KG;out;2023-02;40;35000;1400000
111;APA;ASTOR PANJANG ALADIN;Manis;BALL 4 KG;out;2023-03;68;165000;11220000
112;AMA;ASTOR MINI ALADIN;Manis;BALL 4 KG;out;2023-03;60;140000;8400000
113;APV;ASTOR PANJANG VALEO ;Manis;BALL 4 KG;out;2023-03;50;160000;8000000
114;BI;BAGELEN ION;Manis;BALL 1 KG;out;2023-03;55;63000;3465000
115;B2B;BANPOL 2 BURUNG;Asin;BALL 2 KG;out;2023-03;50;124000;6200000
116;BK;BANTAL KEJU;Asin;BALL 1 KG;out;2023-03;35;60000;2100000
117;BA;BASRENG ATO;Pedas;BALL 2 KG;out;2023-03;40;75000;3000000
118;BO;BATAGOR ORI;Asin;BALL 2 KG;out;2023-03;30;70000;2100000
119;BPD;BOLA PELANGI DUO;Manis;BALL 4 KG;out;2023-03;30;140000;4200000
120;BSA;BOLU S AZZAHRA;Manis;BALL 1 KG;out;2023-03;33;65000;2145000
121;BKT;BROWNIS KARAKTER;Manis;BALL 1 KG;out;2023-03;60;72000;4320000
122;CO;CIKIBUL OSAKA;Manis;BALL 1 KG;out;2023-03;40;40000;1600000
123;CW;CIPUT WAYANG ;Asin;BALL 1 KG;out;2023-03;60;80000;4800000
124;CC;COCOSTIK;Manis;BALL 1 KG;out;2023-03;33;40000;1320000
125;CP;COMBRING PEDAS;Pedas;BALL 1 KG;out;2023-03;68;60000;4080000
126;GD;GURILEM DASYAT;Pedas;BALL 1 KG;out;2023-03;90;50000;4500000
127;GL;GURILEM LYDIA;Pedas;BALL 1 KG;out;2023-03;50;55000;2750000
128;KAB;KACANG ATOM BIMA ;Asin;BALL 2 KG;out;2023-03;60;110000;6600000
129;KBA;KACANG BANDUNG ALADIN;Asin;BALL 2 KG;out;2023-03;60;150000;9000000
130;KK;KACANG KEDELAI;Asin;BALL 2 KG;out;2023-03;68;110000;7480000
131;KM;KACANG MIX;Asin;BALL 2 KG;out;2023-03;65;110000;7150000
132;KTA;KACANG TELOR AMPERA;Asin;BALL 2 KG;out;2023-03;60;130000;7800000
133;KTP;KACANG TOBA PEDAS;Pedas;BALL 2 KG;out;2023-03;68;110000;7480000
134;KCI;KEMPLANG CAP IKAN ;Asin;BALL 1 KG;out;2023-03;55;75000;4125000
135;KKW;KERUPUK KEMPLANG WHR;Asin;BALL 1 KG;out;2023-03;40;70000;2800000
136;KMW;KUE MARIE WIJEN;Asin;BALL 2 KG;out;2023-03;55;115000;6325000
137;KPM;KUPING MINI;Manis;BALL 1 KG;out;2023-03;40;40000;1600000
138;LU;LADU UNGU;Manis;BALL 1 KG;out;2023-03;40;40000;1600000
139;MC;MAKARONI CIKRUH;Pedas;BALL 1 KG;out;2023-03;55;70000;3850000
140;MCM;MAKARONI CIKRUH MAWARASA;Pedas;BALL 1 KG;out;2023-03;90;70000;6300000
141;MOK;MAKARONI ORI KIORY;Asin;BALL 1 KG;out;2023-03;35;55000;1925000
142;MRB;MAKARONI RUJAK BALI ;Pedas;BALL 1 KG;out;2023-03;95;60000;5700000
143;MT;MAKARONI TABUR;Pedas;BALL 1 KG;out;2023-03;30;60000;1800000
144;MPK;ManisAN PALA KERING;Manis;BALL 4 KG;out;2023-03;35;240000;8400000
145;MM;MARNING ;Asin;BALL 2 KG;out;2023-03;76;90000;6840000
146;MCBM;MARNING CAP BOGOR MAS;Asin;BALL 2 KG;out;2023-03;50;127000;6350000
147;MJS;MARNING JAGUNG AJI SUKA;Asin;BALL 2 KG;out;2023-03;30;100000;3000000
148;MGS;MIE GULUNG ORI/Pedas SDP;Pedas;BALL 1 KG;out;2023-03;60;75000;4500000
149;PM;PANGSIT MAWAR;Pedas;BALL 1 KG;out;2023-03;68;70000;4760000
150;PTB;PILUS TIGA BURUNG ;Asin;BALL 1 KG;out;2023-03;65;53000;3445000
151;PAM;PISANG AROMA MAUYUT;Manis;BALL 2 KG;out;2023-03;68;75000;5100000
152;PAS;PISANG ASIN SDP;Asin;BALL 2 KG;out;2023-03;55;80000;4400000
153;PST;POKEN STIK TAKARA;Asin;BALL 1 KG;out;2023-03;50;65000;3250000
154;PBR;POTATO BULAT BALADO RIORY;Pedas;BALL 1 KG;out;2023-03;68;50000;3400000
155;PKR;POTATO  KOTAK RYORI;Asin;BALL 1 KG;out;2023-03;260;50000;13000000
156;SA;SIOMAY AZAHRA;Pedas;BALL 1 KG;out;2023-03;55;60000;3300000
157;SB;SALE BASAH ;Manis;BALL 1 KG;out;2023-03;40;46000;1840000
158;SBM;SINGKONG BALADO MJ;Pedas;BALL 2 KG;out;2023-03;68;100000;6800000
159;ST;SINGKONG TES ;Asin;BALL 2 KG;out;2023-03;65;120000;7800000
160;SV;SEBLAK VIRAL;Pedas;BALL 1 KG;out;2023-03;68;68000;4624000
161;SM;SISTIK MAWAR;Asin;BALL 1 KG;out;2023-03;68;65000;4420000
162;SBT;STIK BALADO TAKARA;Pedas;BALL 1 KG;out;2023-03;50;60000;3000000
163;SUL;SUMPIA UDANG JAYA LAKSANA ;Asin;BALL 2 KG;out;2023-03;55;110000;6050000
164;TGW;TELOR GABUS WIJEN ;Asin;BALL 2 KG;out;2023-03;35;85000;2975000
165;TGT;TELOR GABUS TJ;Asin;BALL 1 KG;out;2023-03;65;35000;2275000
166;APA;ASTOR PANJANG ALADIN;Manis;BALL 4 KG;out;2023-04;70;165000;11550000
167;AMA;ASTOR MINI ALADIN;Manis;BALL 4 KG;out;2023-04;55;140000;7700000
168;APV;ASTOR PANJANG VALEO ;Manis;BALL 4 KG;out;2023-04;55;160000;8800000
169;BI;BAGELEN ION;Manis;BALL 1 KG;out;2023-04;58;63000;3654000
170;B2B;BANPOL 2 BURUNG;Asin;BALL 2 KG;out;2023-04;55;124000;6820000
171;BK;BANTAL KEJU;Asin;BALL 1 KG;out;2023-04;55;60000;3300000
172;BA;BASRENG ATO;Pedas;BALL 2 KG;out;2023-04;55;75000;4125000
173;BO;BATAGOR ORI;Asin;BALL 2 KG;out;2023-04;25;70000;1750000
174;BPD;BOLA PELANGI DUO;Manis;BALL 4 KG;out;2023-04;25;140000;3500000
175;BSA;BOLU S AZZAHRA;Manis;BALL 1 KG;out;2023-04;23;65000;1495000
176;BKT;BROWNIS KARAKTER;Manis;BALL 1 KG;out;2023-04;65;72000;4680000
177;CO;CIKIBUL OSAKA;Manis;BALL 1 KG;out;2023-04;55;40000;2200000
178;CW;CIPUT WAYANG ;Asin;BALL 1 KG;out;2023-04;65;80000;5200000
179;CC;COCOSTIK;Manis;BALL 1 KG;out;2023-04;23;40000;920000
180;CP;COMBRING PEDAS;Pedas;BALL 1 KG;out;2023-04;70;60000;4200000
181;GD;GURILEM DASYAT;Pedas;BALL 1 KG;out;2023-04;70;50000;3500000
182;GL;GURILEM LYDIA;Pedas;BALL 1 KG;out;2023-04;55;55000;3025000
183;KAB;KACANG ATOM BIMA ;Asin;BALL 2 KG;out;2023-04;30;110000;3300000
184;KBA;KACANG BANDUNG ALADIN;Asin;BALL 2 KG;out;2023-04;55;150000;8250000
185;KK;KACANG KEDELAI;Asin;BALL 2 KG;out;2023-04;70;110000;7700000
186;KM;KACANG MIX;Asin;BALL 2 KG;out;2023-04;58;110000;6380000
187;KTA;KACANG TELOR AMPERA;Asin;BALL 2 KG;out;2023-04;55;130000;7150000
188;KTP;KACANG TOBA PEDAS;Pedas;BALL 2 KG;out;2023-04;70;110000;7700000
189;KCI;KEMPLANG CAP IKAN ;Asin;BALL 1 KG;out;2023-04;58;75000;4350000
190;KKW;KERUPUK KEMPLANG WHR;Asin;BALL 1 KG;out;2023-04;55;70000;3850000
191;KMW;KUE MARIE WIJEN;Asin;BALL 2 KG;out;2023-04;58;115000;6670000
192;KPM;KUPING MINI;Manis;BALL 1 KG;out;2023-04;55;40000;2200000
193;LU;LADU UNGU;Manis;BALL 1 KG;out;2023-04;55;40000;2200000
194;MC;MAKARONI CIKRUH;Pedas;BALL 1 KG;out;2023-04;75;70000;5250000
195;MCM;MAKARONI CIKRUH MAWARASA;Pedas;BALL 1 KG;out;2023-04;80;70000;5600000
196;MOK;MAKARONI ORI KIORY;Asin;BALL 1 KG;out;2023-04;55;55000;3025000
197;MRB;MAKARONI RUJAK BALI ;Pedas;BALL 1 KG;out;2023-04;120;60000;7200000
198;MT;MAKARONI TABUR;Pedas;BALL 1 KG;out;2023-04;25;60000;1500000
199;MPK;ManisAN PALA KERING;Manis;BALL 4 KG;out;2023-04;55;240000;13200000
200;MM;MARNING ;Asin;BALL 2 KG;out;2023-04;58;90000;5220000
201;MCBM;MARNING CAP BOGOR MAS;Asin;BALL 2 KG;out;2023-04;55;127000;6985000
202;MJS;MARNING JAGUNG AJI SUKA;Asin;BALL 2 KG;out;2023-04;25;100000;2500000
203;MGS;MIE GULUNG ORI/Pedas SDP;Pedas;BALL 1 KG;out;2023-04;55;75000;4125000
204;PM;PANGSIT MAWAR;Pedas;BALL 1 KG;out;2023-04;70;70000;4900000
205;PTB;PILUS TIGA BURUNG ;Asin;BALL 1 KG;out;2023-04;58;53000;3074000
206;PAM;PISANG AROMA MAUYUT;Manis;BALL 2 KG;out;2023-04;70;75000;5250000
207;PAS;PISANG ASIN SDP;Asin;BALL 2 KG;out;2023-04;58;80000;4640000
208;PST;POKEN STIK TAKARA;Asin;BALL 1 KG;out;2023-04;55;65000;3575000
209;PBR;POTATO BULAT BALADO RIORY;Pedas;BALL 1 KG;out;2023-04;70;50000;3500000
210;PKR;POTATO  KOTAK RYORI;Asin;BALL 1 KG;out;2023-04;250;50000;12500000
211;SA;SIOMAY AZAHRA;Pedas;BALL 1 KG;out;2023-04;58;60000;3480000
212;SB;SALE BASAH ;Manis;BALL 1 KG;out;2023-04;55;46000;2530000
213;SBM;SINGKONG BALADO MJ;Pedas;BALL 2 KG;out;2023-04;70;100000;7000000
214;ST;SINGKONG TES ;Asin;BALL 2 KG;out;2023-04;58;120000;6960000
215;SV;SEBLAK VIRAL;Pedas;BALL 1 KG;out;2023-04;70;68000;4760000
216;SM;SISTIK MAWAR;Asin;BALL 1 KG;out;2023-04;70;65000;4550000
217;SBT;STIK BALADO TAKARA;Pedas;BALL 1 KG;out;2023-04;55;60000;3300000
218;SUL;SUMPIA UDANG JAYA LAKSANA ;Asin;BALL 2 KG;out;2023-04;58;110000;6380000
219;TGW;TELOR GABUS WIJEN ;Asin;BALL 2 KG;out;2023-04;55;85000;4675000
220;TGT;TELOR GABUS TJ;Asin;BALL 1 KG;out;2023-04;60;35000;2100000
221;APA;ASTOR PANJANG ALADIN;Manis;BALL 4 KG;out;2023-05;72;165000;11880000
222;AMA;ASTOR MINI ALADIN;Manis;BALL 4 KG;out;2023-05;65;140000;9100000
223;APV;ASTOR PANJANG VALEO ;Manis;BALL 4 KG;out;2023-05;65;160000;10400000
224;BI;BAGELEN ION;Manis;BALL 1 KG;out;2023-05;40;63000;2520000
225;B2B;BANPOL 2 BURUNG;Asin;BALL 2 KG;out;2023-05;65;124000;8060000
226;BK;BANTAL KEJU;Asin;BALL 1 KG;out;2023-05;41;60000;2460000
227;BA;BASRENG ATO;Pedas;BALL 2 KG;out;2023-05;65;75000;4875000
228;BO;BATAGOR ORI;Asin;BALL 2 KG;out;2023-05;25;70000;1750000
229;BPD;BOLA PELANGI DUO;Manis;BALL 4 KG;out;2023-05;25;140000;3500000
230;BSA;BOLU S AZZAHRA;Manis;BALL 1 KG;out;2023-05;22;65000;1430000
231;BKT;BROWNIS KARAKTER;Manis;BALL 1 KG;out;2023-05;70;72000;5040000
232;CO;CIKIBUL OSAKA;Manis;BALL 1 KG;out;2023-05;65;40000;2600000
233;CW;CIPUT WAYANG ;Asin;BALL 1 KG;out;2023-05;70;80000;5600000
234;CC;COCOSTIK;Manis;BALL 1 KG;out;2023-05;22;40000;880000
235;CP;COMBRING PEDAS;Pedas;BALL 1 KG;out;2023-05;72;60000;4320000
236;GD;GURILEM DASYAT;Pedas;BALL 1 KG;out;2023-05;60;50000;3000000
237;GL;GURILEM LYDIA;Pedas;BALL 1 KG;out;2023-05;65;55000;3575000
238;KAB;KACANG ATOM BIMA ;Asin;BALL 2 KG;out;2023-05;45;110000;4950000
239;KBA;KACANG BANDUNG ALADIN;Asin;BALL 2 KG;out;2023-05;65;150000;9750000
240;KK;KACANG KEDELAI;Asin;BALL 2 KG;out;2023-05;72;110000;7920000
241;KM;KACANG MIX;Asin;BALL 2 KG;out;2023-05;40;110000;4400000
242;KTA;KACANG TELOR AMPERA;Asin;BALL 2 KG;out;2023-05;65;130000;8450000
243;KTP;KACANG TOBA PEDAS;Pedas;BALL 2 KG;out;2023-05;72;110000;7920000
244;KCI;KEMPLANG CAP IKAN ;Asin;BALL 1 KG;out;2023-05;40;75000;3000000
245;KKW;KERUPUK KEMPLANG WHR;Asin;BALL 1 KG;out;2023-05;65;70000;4550000
246;KMW;KUE MARIE WIJEN;Asin;BALL 2 KG;out;2023-05;40;115000;4600000
247;KPM;KUPING MINI;Manis;BALL 1 KG;out;2023-05;65;40000;2600000
248;LU;LADU UNGU;Manis;BALL 1 KG;out;2023-05;65;40000;2600000
249;MC;MAKARONI CIKRUH;Pedas;BALL 1 KG;out;2023-05;80;70000;5600000
250;MCM;MAKARONI CIKRUH MAWARASA;Pedas;BALL 1 KG;out;2023-05;40;70000;2800000
251;MOK;MAKARONI ORI KIORY;Asin;BALL 1 KG;out;2023-05;41;55000;2255000
252;MRB;MAKARONI RUJAK BALI ;Pedas;BALL 1 KG;out;2023-05;140;60000;8400000
253;MT;MAKARONI TABUR;Pedas;BALL 1 KG;out;2023-05;25;60000;1500000
254;MPK;ManisAN PALA KERING;Manis;BALL 4 KG;out;2023-05;36;240000;8640000
255;MM;MARNING ;Asin;BALL 2 KG;out;2023-05;60;90000;5400000
256;MCBM;MARNING CAP BOGOR MAS;Asin;BALL 2 KG;out;2023-05;65;127000;8255000
257;MJS;MARNING JAGUNG AJI SUKA;Asin;BALL 2 KG;out;2023-05;25;100000;2500000
258;MGS;MIE GULUNG ORI/Pedas SDP;Pedas;BALL 1 KG;out;2023-05;65;75000;4875000
259;PM;PANGSIT MAWAR;Pedas;BALL 1 KG;out;2023-05;72;70000;5040000
260;PTB;PILUS TIGA BURUNG ;Asin;BALL 1 KG;out;2023-05;40;53000;2120000
261;PAM;PISANG AROMA MAUYUT;Manis;BALL 2 KG;out;2023-05;72;75000;5400000
262;PAS;PISANG ASIN SDP;Asin;BALL 2 KG;out;2023-05;40;80000;3200000
263;PST;POKEN STIK TAKARA;Asin;BALL 1 KG;out;2023-05;65;65000;4225000
264;PBR;POTATO BULAT BALADO RIORY;Pedas;BALL 1 KG;out;2023-05;72;50000;3600000
265;PKR;POTATO  KOTAK RYORI;Asin;BALL 1 KG;out;2023-05;235;50000;11750000
266;SA;SIOMAY AZAHRA;Pedas;BALL 1 KG;out;2023-05;40;60000;2400000
267;SB;SALE BASAH ;Manis;BALL 1 KG;out;2023-05;65;46000;2990000
268;SBM;SINGKONG BALADO MJ;Pedas;BALL 2 KG;out;2023-05;72;100000;7200000
269;ST;SINGKONG TES ;Asin;BALL 2 KG;out;2023-05;40;120000;4800000
270;SV;SEBLAK VIRAL;Pedas;BALL 1 KG;out;2023-05;72;68000;4896000
271;SM;SISTIK MAWAR;Asin;BALL 1 KG;out;2023-05;72;65000;4680000
272;SBT;STIK BALADO TAKARA;Pedas;BALL 1 KG;out;2023-05;65;60000;3900000
273;SUL;SUMPIA UDANG JAYA LAKSANA ;Asin;BALL 2 KG;out;2023-05;40;110000;4400000
274;TGW;TELOR GABUS WIJEN ;Asin;BALL 2 KG;out;2023-05;77;85000;6545000
275;TGT;TELOR GABUS TJ;Asin;BALL 1 KG;out;2023-05;52;35000;1820000
276;APA;ASTOR PANJANG ALADIN;Manis;BALL 4 KG;out;2023-06;65;165000;10725000
277;AMA;ASTOR MINI ALADIN;Manis;BALL 4 KG;out;2023-06;60;140000;8400000
278;APV;ASTOR PANJANG VALEO ;Manis;BALL 4 KG;out;2023-06;60;160000;9600000
279;BI;BAGELEN ION;Manis;BALL 1 KG;out;2023-06;55;63000;3465000
280;B2B;BANPOL 2 BURUNG;Asin;BALL 2 KG;out;2023-06;62;124000;7688000
281;BK;BANTAL KEJU;Asin;BALL 1 KG;out;2023-06;65;60000;3900000
282;BA;BASRENG ATO;Pedas;BALL 2 KG;out;2023-06;62;75000;4650000
283;BO;BATAGOR ORI;Asin;BALL 2 KG;out;2023-06;45;70000;3150000
284;BPD;BOLA PELANGI DUO;Manis;BALL 4 KG;out;2023-06;45;140000;6300000
285;BSA;BOLU S AZZAHRA;Manis;BALL 1 KG;out;2023-06;34;65000;2210000
286;BKT;BROWNIS KARAKTER;Manis;BALL 1 KG;out;2023-06;60;72000;4320000
287;CO;CIKIBUL OSAKA;Manis;BALL 1 KG;out;2023-06;62;40000;2480000
288;CW;CIPUT WAYANG ;Asin;BALL 1 KG;out;2023-06;80;80000;6400000
289;CC;COCOSTIK;Manis;BALL 1 KG;out;2023-06;34;40000;1360000
290;CP;COMBRING PEDAS;Pedas;BALL 1 KG;out;2023-06;65;60000;3900000
291;GD;GURILEM DASYAT;Pedas;BALL 1 KG;out;2023-06;55;50000;2750000
292;GL;GURILEM LYDIA;Pedas;BALL 1 KG;out;2023-06;60;55000;3300000
293;KAB;KACANG ATOM BIMA ;Asin;BALL 2 KG;out;2023-06;55;110000;6050000
294;KBA;KACANG BANDUNG ALADIN;Asin;BALL 2 KG;out;2023-06;66;150000;9900000
295;KK;KACANG KEDELAI;Asin;BALL 2 KG;out;2023-06;65;110000;7150000
296;KM;KACANG MIX;Asin;BALL 2 KG;out;2023-06;55;110000;6050000
297;KTA;KACANG TELOR AMPERA;Asin;BALL 2 KG;out;2023-06;60;130000;7800000
298;KTP;KACANG TOBA PEDAS;Pedas;BALL 2 KG;out;2023-06;65;110000;7150000
299;KCI;KEMPLANG CAP IKAN ;Asin;BALL 1 KG;out;2023-06;55;75000;4125000
300;KKW;KERUPUK KEMPLANG WHR;Asin;BALL 1 KG;out;2023-06;62;70000;4340000
301;KMW;KUE MARIE WIJEN;Asin;BALL 2 KG;out;2023-06;55;115000;6325000
302;KPM;KUPING MINI;Manis;BALL 1 KG;out;2023-06;62;40000;2480000
303;LU;LADU UNGU;Manis;BALL 1 KG;out;2023-06;62;40000;2480000
304;MC;MAKARONI CIKRUH;Pedas;BALL 1 KG;out;2023-06;52;70000;3640000
305;MCM;MAKARONI CIKRUH MAWARASA;Pedas;BALL 1 KG;out;2023-06;55;70000;3850000
306;MOK;MAKARONI ORI KIORY;Asin;BALL 1 KG;out;2023-06;65;55000;3575000
307;MRB;MAKARONI RUJAK BALI ;Pedas;BALL 1 KG;out;2023-06;160;60000;9600000
308;MT;MAKARONI TABUR;Pedas;BALL 1 KG;out;2023-06;45;60000;2700000
309;MPK;ManisAN PALA KERING;Manis;BALL 4 KG;out;2023-06;65;240000;15600000
310;MM;MARNING ;Asin;BALL 2 KG;out;2023-06;55;90000;4950000
311;MCBM;MARNING CAP BOGOR MAS;Asin;BALL 2 KG;out;2023-06;60;127000;7620000
312;MJS;MARNING JAGUNG AJI SUKA;Asin;BALL 2 KG;out;2023-06;45;100000;4500000
313;MGS;MIE GULUNG ORI/Pedas SDP;Pedas;BALL 1 KG;out;2023-06;65;75000;4875000
314;PM;PANGSIT MAWAR;Pedas;BALL 1 KG;out;2023-06;65;70000;4550000
315;PTB;PILUS TIGA BURUNG ;Asin;BALL 1 KG;out;2023-06;55;53000;2915000
316;PAM;PISANG AROMA MAUYUT;Manis;BALL 2 KG;out;2023-06;65;75000;4875000
317;PAS;PISANG ASIN SDP;Asin;BALL 2 KG;out;2023-06;55;80000;4400000
318;PST;POKEN STIK TAKARA;Asin;BALL 1 KG;out;2023-06;60;65000;3900000
319;PBR;POTATO BULAT BALADO RIORY;Pedas;BALL 1 KG;out;2023-06;55;50000;2750000
320;PKR;POTATO  KOTAK RYORI;Asin;BALL 1 KG;out;2023-06;295;50000;14750000
321;SA;SIOMAY AZAHRA;Pedas;BALL 1 KG;out;2023-06;55;60000;3300000
322;SB;SALE BASAH ;Manis;BALL 1 KG;out;2023-06;62;46000;2852000
323;SBM;SINGKONG BALADO MJ;Pedas;BALL 2 KG;out;2023-06;65;100000;6500000
324;ST;SINGKONG TES ;Asin;BALL 2 KG;out;2023-06;55;120000;6600000
325;SV;SEBLAK VIRAL;Pedas;BALL 1 KG;out;2023-06;70;68000;4760000
326;SM;SISTIK MAWAR;Asin;BALL 1 KG;out;2023-06;65;65000;4225000
327;SBT;STIK BALADO TAKARA;Pedas;BALL 1 KG;out;2023-06;60;60000;3600000
328;SUL;SUMPIA UDANG JAYA LAKSANA ;Asin;BALL 2 KG;out;2023-06;55;110000;6050000
329;TGW;TELOR GABUS WIJEN ;Asin;BALL 2 KG;out;2023-06;65;85000;5525000
330;TGT;TELOR GABUS TJ;Asin;BALL 1 KG;out;2023-06;60;35000;2100000
331;APA;ASTOR PANJANG ALADIN;Manis;BALL 4 KG;out;2023-07;50;165000;8250000
332;AMA;ASTOR MINI ALADIN;Manis;BALL 4 KG;out;2023-07;55;140000;7700000
333;APV;ASTOR PANJANG VALEO ;Manis;BALL 4 KG;out;2023-07;55;160000;8800000
334;BI;BAGELEN ION;Manis;BALL 1 KG;out;2023-07;66;63000;4158000
335;B2B;BANPOL 2 BURUNG;Asin;BALL 2 KG;out;2023-07;55;124000;6820000
336;BK;BANTAL KEJU;Asin;BALL 1 KG;out;2023-07;44;60000;2640000
337;BA;BASRENG ATO;Pedas;BALL 2 KG;out;2023-07;25;75000;1875000
338;BO;BATAGOR ORI;Asin;BALL 2 KG;out;2023-07;30;70000;2100000
339;BPD;BOLA PELANGI DUO;Manis;BALL 4 KG;out;2023-07;30;140000;4200000
340;BSA;BOLU S AZZAHRA;Manis;BALL 1 KG;out;2023-07;45;65000;2925000
341;BKT;BROWNIS KARAKTER;Manis;BALL 1 KG;out;2023-07;54;72000;3888000
342;CO;CIKIBUL OSAKA;Manis;BALL 1 KG;out;2023-07;35;40000;1400000
343;CW;CIPUT WAYANG ;Asin;BALL 1 KG;out;2023-07;45;80000;3600000
344;CC;COCOSTIK;Manis;BALL 1 KG;out;2023-07;45;40000;1800000
345;CP;COMBRING PEDAS;Pedas;BALL 1 KG;out;2023-07;50;60000;3000000
346;GD;GURILEM DASYAT;Pedas;BALL 1 KG;out;2023-07;66;50000;3300000
347;GL;GURILEM LYDIA;Pedas;BALL 1 KG;out;2023-07;55;55000;3025000
348;KAB;KACANG ATOM BIMA ;Asin;BALL 2 KG;out;2023-07;40;110000;4400000
349;KBA;KACANG BANDUNG ALADIN;Asin;BALL 2 KG;out;2023-07;55;150000;8250000
350;KK;KACANG KEDELAI;Asin;BALL 2 KG;out;2023-07;50;110000;5500000
351;KM;KACANG MIX;Asin;BALL 2 KG;out;2023-07;66;110000;7260000
352;KTA;KACANG TELOR AMPERA;Asin;BALL 2 KG;out;2023-07;55;130000;7150000
353;KTP;KACANG TOBA PEDAS;Pedas;BALL 2 KG;out;2023-07;50;110000;5500000
354;KCI;KEMPLANG CAP IKAN ;Asin;BALL 1 KG;out;2023-07;66;75000;4950000
355;KKW;KERUPUK KEMPLANG WHR;Asin;BALL 1 KG;out;2023-07;47;70000;3290000
356;KMW;KUE MARIE WIJEN;Asin;BALL 2 KG;out;2023-07;66;115000;7590000
357;KPM;KUPING MINI;Manis;BALL 1 KG;out;2023-07;25;40000;1000000
358;LU;LADU UNGU;Manis;BALL 1 KG;out;2023-07;35;40000;1400000
359;MC;MAKARONI CIKRUH;Pedas;BALL 1 KG;out;2023-07;64;70000;4480000
360;MCM;MAKARONI CIKRUH MAWARASA;Pedas;BALL 1 KG;out;2023-07;66;70000;4620000
361;MOK;MAKARONI ORI KIORY;Asin;BALL 1 KG;out;2023-07;44;55000;2420000
362;MRB;MAKARONI RUJAK BALI ;Pedas;BALL 1 KG;out;2023-07;80;60000;4800000
363;MT;MAKARONI TABUR;Pedas;BALL 1 KG;out;2023-07;30;60000;1800000
364;MPK;ManisAN PALA KERING;Manis;BALL 4 KG;out;2023-07;44;240000;10560000
365;MM;MARNING ;Asin;BALL 2 KG;out;2023-07;66;90000;5940000
366;MCBM;MARNING CAP BOGOR MAS;Asin;BALL 2 KG;out;2023-07;55;127000;6985000
367;MJS;MARNING JAGUNG AJI SUKA;Asin;BALL 2 KG;out;2023-07;30;100000;3000000
368;MGS;MIE GULUNG ORI/Pedas SDP;Pedas;BALL 1 KG;out;2023-07;58;75000;4350000
369;PM;PANGSIT MAWAR;Pedas;BALL 1 KG;out;2023-07;50;70000;3500000
370;PTB;PILUS TIGA BURUNG ;Asin;BALL 1 KG;out;2023-07;66;53000;3498000
371;PAM;PISANG AROMA MAUYUT;Manis;BALL 2 KG;out;2023-07;50;75000;3750000
372;PAS;PISANG ASIN SDP;Asin;BALL 2 KG;out;2023-07;66;80000;5280000
373;PST;POKEN STIK TAKARA;Asin;BALL 1 KG;out;2023-07;55;65000;3575000
374;PBR;POTATO BULAT BALADO RIORY;Pedas;BALL 1 KG;out;2023-07;50;50000;2500000
375;PKR;POTATO  KOTAK RYORI;Asin;BALL 1 KG;out;2023-07;160;50000;8000000
376;SA;SIOMAY AZAHRA;Pedas;BALL 1 KG;out;2023-07;66;60000;3960000
377;SB;SALE BASAH ;Manis;BALL 1 KG;out;2023-07;25;46000;1150000
378;SBM;SINGKONG BALADO MJ;Pedas;BALL 2 KG;out;2023-07;50;100000;5000000
379;ST;SINGKONG TES ;Asin;BALL 2 KG;out;2023-07;66;120000;7920000
380;SV;SEBLAK VIRAL;Pedas;BALL 1 KG;out;2023-07;50;68000;3400000
381;SM;SISTIK MAWAR;Asin;BALL 1 KG;out;2023-07;50;65000;3250000
382;SBT;STIK BALADO TAKARA;Pedas;BALL 1 KG;out;2023-07;25;60000;1500000
383;SUL;SUMPIA UDANG JAYA LAKSANA ;Asin;BALL 2 KG;out;2023-07;66;110000;7260000
384;TGW;TELOR GABUS WIJEN ;Asin;BALL 2 KG;out;2023-07;44;85000;3740000
385;TGT;TELOR GABUS TJ;Asin;BALL 1 KG;out;2023-07;65;35000;2275000
386;APA;ASTOR PANJANG ALADIN;Manis;BALL 4 KG;out;2023-08;62;165000;10230000
387;AMA;ASTOR MINI ALADIN;Manis;BALL 4 KG;out;2023-08;45;140000;6300000
388;APV;ASTOR PANJANG VALEO ;Manis;BALL 4 KG;out;2023-08;40;160000;6400000
389;BI;BAGELEN ION;Manis;BALL 1 KG;out;2023-08;45;63000;2835000
390;B2B;BANPOL 2 BURUNG;Asin;BALL 2 KG;out;2023-08;40;124000;4960000
391;BK;BANTAL KEJU;Asin;BALL 1 KG;out;2023-08;47;60000;2820000
392;BA;BASRENG ATO;Pedas;BALL 2 KG;out;2023-08;40;75000;3000000
393;BO;BATAGOR ORI;Asin;BALL 2 KG;out;2023-08;38;70000;2660000
394;BPD;BOLA PELANGI DUO;Manis;BALL 4 KG;out;2023-08;38;140000;5320000
395;BSA;BOLU S AZZAHRA;Manis;BALL 1 KG;out;2023-08;55;65000;3575000
396;BKT;BROWNIS KARAKTER;Manis;BALL 1 KG;out;2023-08;43;72000;3096000
397;CO;CIKIBUL OSAKA;Manis;BALL 1 KG;out;2023-08;40;40000;1600000
398;CW;CIPUT WAYANG ;Asin;BALL 1 KG;out;2023-08;43;80000;3440000
399;CC;COCOSTIK;Manis;BALL 1 KG;out;2023-08;55;40000;2200000
400;CP;COMBRING PEDAS;Pedas;BALL 1 KG;out;2023-08;65;60000;3900000
401;GD;GURILEM DASYAT;Pedas;BALL 1 KG;out;2023-08;45;50000;2250000
402;GL;GURILEM LYDIA;Pedas;BALL 1 KG;out;2023-08;40;55000;2200000
403;KAB;KACANG ATOM BIMA ;Asin;BALL 2 KG;out;2023-08;55;110000;6050000
404;KBA;KACANG BANDUNG ALADIN;Asin;BALL 2 KG;out;2023-08;50;150000;7500000
405;KK;KACANG KEDELAI;Asin;BALL 2 KG;out;2023-08;65;110000;7150000
406;KM;KACANG MIX;Asin;BALL 2 KG;out;2023-08;45;110000;4950000
407;KTA;KACANG TELOR AMPERA;Asin;BALL 2 KG;out;2023-08;45;130000;5850000
408;KTP;KACANG TOBA PEDAS;Pedas;BALL 2 KG;out;2023-08;62;110000;6820000
409;KCI;KEMPLANG CAP IKAN ;Asin;BALL 1 KG;out;2023-08;48;75000;3600000
410;KKW;KERUPUK KEMPLANG WHR;Asin;BALL 1 KG;out;2023-08;40;70000;2800000
411;KMW;KUE MARIE WIJEN;Asin;BALL 2 KG;out;2023-08;45;115000;5175000
412;KPM;KUPING MINI;Manis;BALL 1 KG;out;2023-08;40;40000;1600000
413;LU;LADU UNGU;Manis;BALL 1 KG;out;2023-08;30;40000;1200000
414;MC;MAKARONI CIKRUH;Pedas;BALL 1 KG;out;2023-08;72;70000;5040000
415;MCM;MAKARONI CIKRUH MAWARASA;Pedas;BALL 1 KG;out;2023-08;55;70000;3850000
416;MOK;MAKARONI ORI KIORY;Asin;BALL 1 KG;out;2023-08;47;55000;2585000
417;MRB;MAKARONI RUJAK BALI ;Pedas;BALL 1 KG;out;2023-08;100;60000;6000000
418;MT;MAKARONI TABUR;Pedas;BALL 1 KG;out;2023-08;36;60000;2160000
419;MPK;ManisAN PALA KERING;Manis;BALL 4 KG;out;2023-08;37;240000;8880000
420;MM;MARNING ;Asin;BALL 2 KG;out;2023-08;60;90000;5400000
421;MCBM;MARNING CAP BOGOR MAS;Asin;BALL 2 KG;out;2023-08;40;127000;5080000
422;MJS;MARNING JAGUNG AJI SUKA;Asin;BALL 2 KG;out;2023-08;38;100000;3800000
423;MGS;MIE GULUNG ORI/Pedas SDP;Pedas;BALL 1 KG;out;2023-08;53;75000;3975000
424;PM;PANGSIT MAWAR;Pedas;BALL 1 KG;out;2023-08;65;70000;4550000
425;PTB;PILUS TIGA BURUNG ;Asin;BALL 1 KG;out;2023-08;45;53000;2385000
426;PAM;PISANG AROMA MAUYUT;Manis;BALL 2 KG;out;2023-08;65;75000;4875000
427;PAS;PISANG ASIN SDP;Asin;BALL 2 KG;out;2023-08;45;80000;3600000
428;PST;POKEN STIK TAKARA;Asin;BALL 1 KG;out;2023-08;40;65000;2600000
429;PBR;POTATO BULAT BALADO RIORY;Pedas;BALL 1 KG;out;2023-08;62;50000;3100000
430;PKR;POTATO  KOTAK RYORI;Asin;BALL 1 KG;out;2023-08;170;50000;8500000
431;SA;SIOMAY AZAHRA;Pedas;BALL 1 KG;out;2023-08;45;60000;2700000
432;SB;SALE BASAH ;Manis;BALL 1 KG;out;2023-08;30;46000;1380000
433;SBM;SINGKONG BALADO MJ;Pedas;BALL 2 KG;out;2023-08;65;100000;6500000
434;ST;SINGKONG TES ;Asin;BALL 2 KG;out;2023-08;55;120000;6600000
435;SV;SEBLAK VIRAL;Pedas;BALL 1 KG;out;2023-08;75;68000;5100000
436;SM;SISTIK MAWAR;Asin;BALL 1 KG;out;2023-08;65;65000;4225000
437;SBT;STIK BALADO TAKARA;Pedas;BALL 1 KG;out;2023-08;40;60000;2400000
438;SUL;SUMPIA UDANG JAYA LAKSANA ;Asin;BALL 2 KG;out;2023-08;45;110000;4950000
439;TGW;TELOR GABUS WIJEN ;Asin;BALL 2 KG;out;2023-08;37;85000;3145000
440;TGT;TELOR GABUS TJ;Asin;BALL 1 KG;out;2023-08;53;35000;1855000
441;APA;ASTOR PANJANG ALADIN;Manis;BALL 4 KG;out;2023-09;58;165000;9570000
442;AMA;ASTOR MINI ALADIN;Manis;BALL 4 KG;out;2023-09;48;140000;6720000
443;APV;ASTOR PANJANG VALEO ;Manis;BALL 4 KG;out;2023-09;48;160000;7680000
444;BI;BAGELEN ION;Manis;BALL 1 KG;out;2023-09;55;63000;3465000
445;B2B;BANPOL 2 BURUNG;Asin;BALL 2 KG;out;2023-09;48;124000;5952000
446;BK;BANTAL KEJU;Asin;BALL 1 KG;out;2023-09;28;60000;1680000
447;BA;BASRENG ATO;Pedas;BALL 2 KG;out;2023-09;45;75000;3375000
448;BO;BATAGOR ORI;Asin;BALL 2 KG;out;2023-09;80;70000;5600000
449;BPD;BOLA PELANGI DUO;Manis;BALL 4 KG;out;2023-09;80;140000;11200000
450;BSA;BOLU S AZZAHRA;Manis;BALL 1 KG;out;2023-09;27;65000;1755000
451;BKT;BROWNIS KARAKTER;Manis;BALL 1 KG;out;2023-09;28;72000;2016000
452;CO;CIKIBUL OSAKA;Manis;BALL 1 KG;out;2023-09;45;40000;1800000
453;CW;CIPUT WAYANG ;Asin;BALL 1 KG;out;2023-09;40;80000;3200000
454;CC;COCOSTIK;Manis;BALL 1 KG;out;2023-09;27;40000;1080000
455;CP;COMBRING PEDAS;Pedas;BALL 1 KG;out;2023-09;58;60000;3480000
456;GD;GURILEM DASYAT;Pedas;BALL 1 KG;out;2023-09;55;50000;2750000
457;GL;GURILEM LYDIA;Pedas;BALL 1 KG;out;2023-09;48;55000;2640000
458;KAB;KACANG ATOM BIMA ;Asin;BALL 2 KG;out;2023-09;40;110000;4400000
459;KBA;KACANG BANDUNG ALADIN;Asin;BALL 2 KG;out;2023-09;48;150000;7200000
460;KK;KACANG KEDELAI;Asin;BALL 2 KG;out;2023-09;58;110000;6380000
461;KM;KACANG MIX;Asin;BALL 2 KG;out;2023-09;55;110000;6050000
462;KTA;KACANG TELOR AMPERA;Asin;BALL 2 KG;out;2023-09;48;130000;6240000
463;KTP;KACANG TOBA PEDAS;Pedas;BALL 2 KG;out;2023-09;58;110000;6380000
464;KCI;KEMPLANG CAP IKAN ;Asin;BALL 1 KG;out;2023-09;55;75000;4125000
465;KKW;KERUPUK KEMPLANG WHR;Asin;BALL 1 KG;out;2023-09;45;70000;3150000
466;KMW;KUE MARIE WIJEN;Asin;BALL 2 KG;out;2023-09;55;115000;6325000
467;KPM;KUPING MINI;Manis;BALL 1 KG;out;2023-09;45;40000;1800000
468;LU;LADU UNGU;Manis;BALL 1 KG;out;2023-09;35;40000;1400000
469;MC;MAKARONI CIKRUH;Pedas;BALL 1 KG;out;2023-09;85;70000;5950000
470;MCM;MAKARONI CIKRUH MAWARASA;Pedas;BALL 1 KG;out;2023-09;50;70000;3500000
471;MOK;MAKARONI ORI KIORY;Asin;BALL 1 KG;out;2023-09;28;55000;1540000
472;MRB;MAKARONI RUJAK BALI ;Pedas;BALL 1 KG;out;2023-09;110;60000;6600000
473;MT;MAKARONI TABUR;Pedas;BALL 1 KG;out;2023-09;80;60000;4800000
474;MPK;ManisAN PALA KERING;Manis;BALL 4 KG;out;2023-09;28;240000;6720000
475;MM;MARNING ;Asin;BALL 2 KG;out;2023-09;60;90000;5400000
476;MCBM;MARNING CAP BOGOR MAS;Asin;BALL 2 KG;out;2023-09;48;127000;6096000
477;MJS;MARNING JAGUNG AJI SUKA;Asin;BALL 2 KG;out;2023-09;80;100000;8000000
478;MGS;MIE GULUNG ORI/Pedas SDP;Pedas;BALL 1 KG;out;2023-09;0;75000;0
479;PM;PANGSIT MAWAR;Pedas;BALL 1 KG;out;2023-09;58;70000;4060000
480;PTB;PILUS TIGA BURUNG ;Asin;BALL 1 KG;out;2023-09;55;53000;2915000
481;PAM;PISANG AROMA MAUYUT;Manis;BALL 2 KG;out;2023-09;58;75000;4350000
482;PAS;PISANG ASIN SDP;Asin;BALL 2 KG;out;2023-09;55;80000;4400000
483;PST;POKEN STIK TAKARA;Asin;BALL 1 KG;out;2023-09;48;65000;3120000
484;PBR;POTATO BULAT BALADO RIORY;Pedas;BALL 1 KG;out;2023-09;58;50000;2900000
485;PKR;POTATO  KOTAK RYORI;Asin;BALL 1 KG;out;2023-09;202;50000;10100000
486;SA;SIOMAY AZAHRA;Pedas;BALL 1 KG;out;2023-09;55;60000;3300000
487;SB;SALE BASAH ;Manis;BALL 1 KG;out;2023-09;35;46000;1610000
488;SBM;SINGKONG BALADO MJ;Pedas;BALL 2 KG;out;2023-09;58;100000;5800000
489;ST;SINGKONG TES ;Asin;BALL 2 KG;out;2023-09;55;120000;6600000
490;SV;SEBLAK VIRAL;Pedas;BALL 1 KG;out;2023-09;65;68000;4420000
491;SM;SISTIK MAWAR;Asin;BALL 1 KG;out;2023-09;58;65000;3770000
492;SBT;STIK BALADO TAKARA;Pedas;BALL 1 KG;out;2023-09;48;60000;2880000
493;SUL;SUMPIA UDANG JAYA LAKSANA ;Asin;BALL 2 KG;out;2023-09;55;110000;6050000
494;TGW;TELOR GABUS WIJEN ;Asin;BALL 2 KG;out;2023-09;28;85000;2380000
495;TGT;TELOR GABUS TJ;Asin;BALL 1 KG;out;2023-09;30;35000;1050000
496;APA;ASTOR PANJANG ALADIN;Manis;BALL 4 KG;out;2023-10;46;165000;7590000
497;AMA;ASTOR MINI ALADIN;Manis;BALL 4 KG;out;2023-10;55;140000;7700000
498;APV;ASTOR PANJANG VALEO ;Manis;BALL 4 KG;out;2023-10;55;160000;8800000
499;BI;BAGELEN ION;Manis;BALL 1 KG;out;2023-10;50;63000;3150000
500;B2B;BANPOL 2 BURUNG;Asin;BALL 2 KG;out;2023-10;55;124000;6820000
501;BK;BANTAL KEJU;Asin;BALL 1 KG;out;2023-10;50;60000;3000000
502;BA;BASRENG ATO;Pedas;BALL 2 KG;out;2023-10;55;75000;4125000
503;BO;BATAGOR ORI;Asin;BALL 2 KG;out;2023-10;50;70000;3500000
504;BPD;BOLA PELANGI DUO;Manis;BALL 4 KG;out;2023-10;50;140000;7000000
505;BSA;BOLU S AZZAHRA;Manis;BALL 1 KG;out;2023-10;36;65000;2340000
506;BKT;BROWNIS KARAKTER;Manis;BALL 1 KG;out;2023-10;50;72000;3600000
507;CO;CIKIBUL OSAKA;Manis;BALL 1 KG;out;2023-10;55;40000;2200000
508;CW;CIPUT WAYANG ;Asin;BALL 1 KG;out;2023-10;50;80000;4000000
509;CC;COCOSTIK;Manis;BALL 1 KG;out;2023-10;36;40000;1440000
510;CP;COMBRING PEDAS;Pedas;BALL 1 KG;out;2023-10;46;60000;2760000
511;GD;GURILEM DASYAT;Pedas;BALL 1 KG;out;2023-10;50;50000;2500000
512;GL;GURILEM LYDIA;Pedas;BALL 1 KG;out;2023-10;55;55000;3025000
513;KAB;KACANG ATOM BIMA ;Asin;BALL 2 KG;out;2023-10;54;110000;5940000
514;KBA;KACANG BANDUNG ALADIN;Asin;BALL 2 KG;out;2023-10;55;150000;8250000
515;KK;KACANG KEDELAI;Asin;BALL 2 KG;out;2023-10;56;110000;6160000
516;KM;KACANG MIX;Asin;BALL 2 KG;out;2023-10;60;110000;6600000
517;KTA;KACANG TELOR AMPERA;Asin;BALL 2 KG;out;2023-10;55;130000;7150000
518;KTP;KACANG TOBA PEDAS;Pedas;BALL 2 KG;out;2023-10;46;110000;5060000
519;KCI;KEMPLANG CAP IKAN ;Asin;BALL 1 KG;out;2023-10;50;75000;3750000
520;KKW;KERUPUK KEMPLANG WHR;Asin;BALL 1 KG;out;2023-10;55;70000;3850000
521;KMW;KUE MARIE WIJEN;Asin;BALL 2 KG;out;2023-10;50;115000;5750000
522;KPM;KUPING MINI;Manis;BALL 1 KG;out;2023-10;55;40000;2200000
523;LU;LADU UNGU;Manis;BALL 1 KG;out;2023-10;55;40000;2200000
524;MC;MAKARONI CIKRUH;Pedas;BALL 1 KG;out;2023-10;70;70000;4900000
525;MCM;MAKARONI CIKRUH MAWARASA;Pedas;BALL 1 KG;out;2023-10;60;70000;4200000
526;MOK;MAKARONI ORI KIORY;Asin;BALL 1 KG;out;2023-10;50;55000;2750000
527;MRB;MAKARONI RUJAK BALI ;Pedas;BALL 1 KG;out;2023-10;95;60000;5700000
528;MT;MAKARONI TABUR;Pedas;BALL 1 KG;out;2023-10;50;60000;3000000
529;MPK;ManisAN PALA KERING;Manis;BALL 4 KG;out;2023-10;50;240000;12000000
530;MM;MARNING ;Asin;BALL 2 KG;out;2023-10;50;90000;4500000
531;MCBM;MARNING CAP BOGOR MAS;Asin;BALL 2 KG;out;2023-10;55;127000;6985000
532;MJS;MARNING JAGUNG AJI SUKA;Asin;BALL 2 KG;out;2023-10;50;100000;5000000
533;MGS;MIE GULUNG ORI/Pedas SDP;Pedas;BALL 1 KG;out;2023-10;55;75000;4125000
534;PM;PANGSIT MAWAR;Pedas;BALL 1 KG;out;2023-10;56;70000;3920000
535;PTB;PILUS TIGA BURUNG ;Asin;BALL 1 KG;out;2023-10;60;53000;3180000
536;PAM;PISANG AROMA MAUYUT;Manis;BALL 2 KG;out;2023-10;46;75000;3450000
537;PAS;PISANG ASIN SDP;Asin;BALL 2 KG;out;2023-10;50;80000;4000000
538;PST;POKEN STIK TAKARA;Asin;BALL 1 KG;out;2023-10;55;65000;3575000
539;PBR;POTATO BULAT BALADO RIORY;Pedas;BALL 1 KG;out;2023-10;46;50000;2300000
540;PKR;POTATO  KOTAK RYORI;Asin;BALL 1 KG;out;2023-10;190;50000;9500000
541;SA;SIOMAY AZAHRA;Pedas;BALL 1 KG;out;2023-10;50;60000;3000000
542;SB;SALE BASAH ;Manis;BALL 1 KG;out;2023-10;55;46000;2530000
543;SBM;SINGKONG BALADO MJ;Pedas;BALL 2 KG;out;2023-10;56;100000;5600000
544;ST;SINGKONG TES ;Asin;BALL 2 KG;out;2023-10;60;120000;7200000
545;SV;SEBLAK VIRAL;Pedas;BALL 1 KG;out;2023-10;56;68000;3808000
546;SM;SISTIK MAWAR;Asin;BALL 1 KG;out;2023-10;46;65000;2990000
547;SBT;STIK BALADO TAKARA;Pedas;BALL 1 KG;out;2023-10;55;60000;3300000
548;SUL;SUMPIA UDANG JAYA LAKSANA ;Asin;BALL 2 KG;out;2023-10;50;110000;5500000
549;TGW;TELOR GABUS WIJEN ;Asin;BALL 2 KG;out;2023-10;50;85000;4250000
550;TGT;TELOR GABUS TJ;Asin;BALL 1 KG;out;2023-10;40;35000;1400000
551;APA;ASTOR PANJANG ALADIN;Manis;BALL 4 KG;out;2023-11;55;165000;9075000
552;AMA;ASTOR MINI ALADIN;Manis;BALL 4 KG;out;2023-11;40;140000;5600000
553;APV;ASTOR PANJANG VALEO ;Manis;BALL 4 KG;out;2023-11;40;160000;6400000
554;BI;BAGELEN ION;Manis;BALL 1 KG;out;2023-11;55;63000;3465000
555;B2B;BANPOL 2 BURUNG;Asin;BALL 2 KG;out;2023-11;40;124000;4960000
556;BK;BANTAL KEJU;Asin;BALL 1 KG;out;2023-11;25;60000;1500000
557;BA;BASRENG ATO;Pedas;BALL 2 KG;out;2023-11;40;75000;3000000
558;BO;BATAGOR ORI;Asin;BALL 2 KG;out;2023-11;66;70000;4620000
559;BPD;BOLA PELANGI DUO;Manis;BALL 4 KG;out;2023-11;66;140000;9240000
560;BSA;BOLU S AZZAHRA;Manis;BALL 1 KG;out;2023-11;48;65000;3120000
561;BKT;BROWNIS KARAKTER;Manis;BALL 1 KG;out;2023-11;26;72000;1872000
562;CO;CIKIBUL OSAKA;Manis;BALL 1 KG;out;2023-11;40;40000;1600000
563;CW;CIPUT WAYANG ;Asin;BALL 1 KG;out;2023-11;30;80000;2400000
564;CC;COCOSTIK;Manis;BALL 1 KG;out;2023-11;48;40000;1920000
565;CP;COMBRING PEDAS;Pedas;BALL 1 KG;out;2023-11;55;60000;3300000
566;GD;GURILEM DASYAT;Pedas;BALL 1 KG;out;2023-11;58;50000;2900000
567;GL;GURILEM LYDIA;Pedas;BALL 1 KG;out;2023-11;40;55000;2200000
568;KAB;KACANG ATOM BIMA ;Asin;BALL 2 KG;out;2023-11;45;110000;4950000
569;KBA;KACANG BANDUNG ALADIN;Asin;BALL 2 KG;out;2023-11;50;150000;7500000
570;KK;KACANG KEDELAI;Asin;BALL 2 KG;out;2023-11;55;110000;6050000
571;KM;KACANG MIX;Asin;BALL 2 KG;out;2023-11;58;110000;6380000
572;KTA;KACANG TELOR AMPERA;Asin;BALL 2 KG;out;2023-11;40;130000;5200000
573;KTP;KACANG TOBA PEDAS;Pedas;BALL 2 KG;out;2023-11;55;110000;6050000
574;KCI;KEMPLANG CAP IKAN ;Asin;BALL 1 KG;out;2023-11;55;75000;4125000
575;KKW;KERUPUK KEMPLANG WHR;Asin;BALL 1 KG;out;2023-11;40;70000;2800000
576;KMW;KUE MARIE WIJEN;Asin;BALL 2 KG;out;2023-11;55;115000;6325000
577;KPM;KUPING MINI;Manis;BALL 1 KG;out;2023-11;40;40000;1600000
578;LU;LADU UNGU;Manis;BALL 1 KG;out;2023-11;40;40000;1600000
579;MC;MAKARONI CIKRUH;Pedas;BALL 1 KG;out;2023-11;50;70000;3500000
580;MCM;MAKARONI CIKRUH MAWARASA;Pedas;BALL 1 KG;out;2023-11;58;70000;4060000
581;MOK;MAKARONI ORI KIORY;Asin;BALL 1 KG;out;2023-11;25;55000;1375000
582;MRB;MAKARONI RUJAK BALI ;Pedas;BALL 1 KG;out;2023-11;100;60000;6000000
583;MT;MAKARONI TABUR;Pedas;BALL 1 KG;out;2023-11;66;60000;3960000
584;MPK;ManisAN PALA KERING;Manis;BALL 4 KG;out;2023-11;30;240000;7200000
585;MM;MARNING ;Asin;BALL 2 KG;out;2023-11;58;90000;5220000
586;MCBM;MARNING CAP BOGOR MAS;Asin;BALL 2 KG;out;2023-11;40;127000;5080000
587;MJS;MARNING JAGUNG AJI SUKA;Asin;BALL 2 KG;out;2023-11;56;100000;5600000
588;MGS;MIE GULUNG ORI/Pedas SDP;Pedas;BALL 1 KG;out;2023-11;50;75000;3750000
589;PM;PANGSIT MAWAR;Pedas;BALL 1 KG;out;2023-11;55;70000;3850000
590;PTB;PILUS TIGA BURUNG ;Asin;BALL 1 KG;out;2023-11;58;53000;3074000
591;PAM;PISANG AROMA MAUYUT;Manis;BALL 2 KG;out;2023-11;55;75000;4125000
592;PAS;PISANG ASIN SDP;Asin;BALL 2 KG;out;2023-11;58;80000;4640000
593;PST;POKEN STIK TAKARA;Asin;BALL 1 KG;out;2023-11;40;65000;2600000
594;PBR;POTATO BULAT BALADO RIORY;Pedas;BALL 1 KG;out;2023-11;55;50000;2750000
595;PKR;POTATO  KOTAK RYORI;Asin;BALL 1 KG;out;2023-11;210;50000;10500000
596;SA;SIOMAY AZAHRA;Pedas;BALL 1 KG;out;2023-11;55;60000;3300000
597;SB;SALE BASAH ;Manis;BALL 1 KG;out;2023-11;40;46000;1840000
598;SBM;SINGKONG BALADO MJ;Pedas;BALL 2 KG;out;2023-11;55;100000;5500000
599;ST;SINGKONG TES ;Asin;BALL 2 KG;out;2023-11;58;120000;6960000
600;SV;SEBLAK VIRAL;Pedas;BALL 1 KG;out;2023-11;65;68000;4420000
601;SM;SISTIK MAWAR;Asin;BALL 1 KG;out;2023-11;55;65000;3575000
602;SBT;STIK BALADO TAKARA;Pedas;BALL 1 KG;out;2023-11;40;60000;2400000
603;SUL;SUMPIA UDANG JAYA LAKSANA ;Asin;BALL 2 KG;out;2023-11;58;110000;6380000
604;TGW;TELOR GABUS WIJEN ;Asin;BALL 2 KG;out;2023-11;25;85000;2125000
605;TGT;TELOR GABUS TJ;Asin;BALL 1 KG;out;2023-11;26;35000;910000
606;APA;ASTOR PANJANG ALADIN;Manis;BALL 4 KG;out;2023-12;60;165000;9900000
607;AMA;ASTOR MINI ALADIN;Manis;BALL 4 KG;out;2023-12;58;140000;8120000
608;APV;ASTOR PANJANG VALEO ;Manis;BALL 4 KG;out;2023-12;58;160000;9280000
609;BI;BAGELEN ION;Manis;BALL 1 KG;out;2023-12;74;63000;4662000
610;B2B;BANPOL 2 BURUNG;Asin;BALL 2 KG;out;2023-12;58;124000;7192000
611;BK;BANTAL KEJU;Asin;BALL 1 KG;out;2023-12;25;60000;1500000
612;BA;BASRENG ATO;Pedas;BALL 2 KG;out;2023-12;52;75000;3900000
613;BO;BATAGOR ORI;Asin;BALL 2 KG;out;2023-12;46;70000;3220000
614;BPD;BOLA PELANGI DUO;Manis;BALL 4 KG;out;2023-12;46;140000;6440000
615;BSA;BOLU S AZZAHRA;Manis;BALL 1 KG;out;2023-12;50;65000;3250000
616;BKT;BROWNIS KARAKTER;Manis;BALL 1 KG;out;2023-12;28;72000;2016000
617;CO;CIKIBUL OSAKA;Manis;BALL 1 KG;out;2023-12;42;40000;1680000
618;CW;CIPUT WAYANG ;Asin;BALL 1 KG;out;2023-12;35;80000;2800000
619;CC;COCOSTIK;Manis;BALL 1 KG;out;2023-12;50;40000;2000000
620;CP;COMBRING PEDAS;Pedas;BALL 1 KG;out;2023-12;60;60000;3600000
621;GD;GURILEM DASYAT;Pedas;BALL 1 KG;out;2023-12;78;50000;3900000
622;GL;GURILEM LYDIA;Pedas;BALL 1 KG;out;2023-12;58;55000;3190000
623;KAB;KACANG ATOM BIMA ;Asin;BALL 2 KG;out;2023-12;15;110000;1650000
624;KBA;KACANG BANDUNG ALADIN;Asin;BALL 2 KG;out;2023-12;65;150000;9750000
625;KK;KACANG KEDELAI;Asin;BALL 2 KG;out;2023-12;60;110000;6600000
626;KM;KACANG MIX;Asin;BALL 2 KG;out;2023-12;78;110000;8580000
627;KTA;KACANG TELOR AMPERA;Asin;BALL 2 KG;out;2023-12;58;130000;7540000
628;KTP;KACANG TOBA PEDAS;Pedas;BALL 2 KG;out;2023-12;60;110000;6600000
629;KCI;KEMPLANG CAP IKAN ;Asin;BALL 1 KG;out;2023-12;64;75000;4800000
630;KKW;KERUPUK KEMPLANG WHR;Asin;BALL 1 KG;out;2023-12;52;70000;3640000
631;KMW;KUE MARIE WIJEN;Asin;BALL 2 KG;out;2023-12;74;115000;8510000
632;KPM;KUPING MINI;Manis;BALL 1 KG;out;2023-12;52;40000;2080000
633;LU;LADU UNGU;Manis;BALL 1 KG;out;2023-12;60;40000;2400000
634;MC;MAKARONI CIKRUH;Pedas;BALL 1 KG;out;2023-12;70;70000;4900000
635;MCM;MAKARONI CIKRUH MAWARASA;Pedas;BALL 1 KG;out;2023-12;78;70000;5460000
636;MOK;MAKARONI ORI KIORY;Asin;BALL 1 KG;out;2023-12;25;55000;1375000
637;MRB;MAKARONI RUJAK BALI ;Pedas;BALL 1 KG;out;2023-12;110;60000;6600000
638;MT;MAKARONI TABUR;Pedas;BALL 1 KG;out;2023-12;46;60000;2760000
639;MPK;ManisAN PALA KERING;Manis;BALL 4 KG;out;2023-12;40;240000;9600000
640;MM;MARNING ;Asin;BALL 2 KG;out;2023-12;78;90000;7020000
641;MCBM;MARNING CAP BOGOR MAS;Asin;BALL 2 KG;out;2023-12;58;127000;7366000
642;MJS;MARNING JAGUNG AJI SUKA;Asin;BALL 2 KG;out;2023-12;46;100000;4600000
643;MGS;MIE GULUNG ORI/Pedas SDP;Pedas;BALL 1 KG;out;2023-12;65;75000;4875000
644;PM;PANGSIT MAWAR;Pedas;BALL 1 KG;out;2023-12;60;70000;4200000
645;PTB;PILUS TIGA BURUNG ;Asin;BALL 1 KG;out;2023-12;78;53000;4134000
646;PAM;PISANG AROMA MAUYUT;Manis;BALL 2 KG;out;2023-12;60;75000;4500000
647;PAS;PISANG ASIN SDP;Asin;BALL 2 KG;out;2023-12;78;80000;6240000
648;PST;POKEN STIK TAKARA;Asin;BALL 1 KG;out;2023-12;58;65000;3770000
649;PBR;POTATO BULAT BALADO RIORY;Pedas;BALL 1 KG;out;2023-12;60;50000;3000000
650;PKR;POTATO  KOTAK RYORI;Asin;BALL 1 KG;out;2023-12;250;50000;12500000
651;SA;SIOMAY AZAHRA;Pedas;BALL 1 KG;out;2023-12;74;60000;4440000
652;SB;SALE BASAH ;Manis;BALL 1 KG;out;2023-12;42;46000;1932000
653;SBM;SINGKONG BALADO MJ;Pedas;BALL 2 KG;out;2023-12;60;100000;6000000
654;ST;SINGKONG TES ;Asin;BALL 2 KG;out;2023-12;78;120000;9360000
655;SV;SEBLAK VIRAL;Pedas;BALL 1 KG;out;2023-12;60;68000;4080000
656;SM;SISTIK MAWAR;Asin;BALL 1 KG;out;2023-12;60;65000;3900000
657;SBT;STIK BALADO TAKARA;Pedas;BALL 1 KG;out;2023-12;58;60000;3480000
658;SUL;SUMPIA UDANG JAYA LAKSANA ;Asin;BALL 2 KG;out;2023-12;78;110000;8580000
659;TGW;TELOR GABUS WIJEN ;Asin;BALL 2 KG;out;2023-12;25;85000;2125000
660;TGT;TELOR GABUS TJ;Asin;BALL 1 KG;out;2023-12;30;35000;1050000
661;APA;ASTOR PANJANG ALADIN;Manis;BALL 4 KG;out;2024-01;35;165000;5775000
662;AMA;ASTOR MINI ALADIN;Manis;BALL 4 KG;out;2024-01;68;140000;9520000
663;APV;ASTOR PANJANG VALEO ;Manis;BALL 4 KG;out;2024-01;56;160000;8960000
664;BI;BAGELEN ION;Manis;BALL 1 KG;out;2024-01;80;63000;5040000
665;B2B;BANPOL 2 BURUNG;Asin;BALL 2 KG;out;2024-01;20;124000;2480000
666;BK;BANTAL KEJU;Asin;BALL 1 KG;out;2024-01;45;60000;2700000
667;BA;BASRENG ATO;Pedas;BALL 2 KG;out;2024-01;80;75000;6000000
668;BO;BATAGOR ORI;Asin;BALL 2 KG;out;2024-01;30;70000;2100000
669;BPD;BOLA PELANGI DUO;Manis;BALL 4 KG;out;2024-01;80;140000;11200000
670;BSA;BOLU S AZZAHRA;Manis;BALL 1 KG;out;2024-01;40;65000;2600000
671;BKT;BROWNIS KARAKTER;Manis;BALL 1 KG;out;2024-01;45;72000;3240000
672;CO;CIKIBUL OSAKA;Manis;BALL 1 KG;out;2024-01;80;40000;3200000
673;CW;CIPUT WAYANG ;Asin;BALL 1 KG;out;2024-01;30;80000;2400000
674;CC;COCOSTIK;Manis;BALL 1 KG;out;2024-01;45;40000;1800000
675;CP;COMBRING PEDAS;Pedas;BALL 1 KG;out;2024-01;45;60000;2700000
676;GD;GURILEM DASYAT;Pedas;BALL 1 KG;out;2024-01;80;50000;4000000
677;GL;GURILEM LYDIA;Pedas;BALL 1 KG;out;2024-01;30;55000;1650000
678;KAB;KACANG ATOM BIMA ;Asin;BALL 2 KG;out;2024-01;65;110000;7150000
679;KBA;KACANG BANDUNG ALADIN;Asin;BALL 2 KG;out;2024-01;85;150000;12750000
680;KK;KACANG KEDELAI;Asin;BALL 2 KG;out;2024-01;40;110000;4400000
681;KM;KACANG MIX;Asin;BALL 2 KG;out;2024-01;45;110000;4950000
682;KTA;KACANG TELOR AMPERA;Asin;BALL 2 KG;out;2024-01;85;130000;11050000
683;KTP;KACANG TOBA PEDAS;Pedas;BALL 2 KG;out;2024-01;80;110000;8800000
684;KCI;KEMPLANG CAP IKAN ;Asin;BALL 1 KG;out;2024-01;50;75000;3750000
685;KKW;KERUPUK KEMPLANG WHR;Asin;BALL 1 KG;out;2024-01;20;70000;1400000
686;KMW;KUE MARIE WIJEN;Asin;BALL 2 KG;out;2024-01;80;115000;9200000
687;KPM;KUPING MINI;Manis;BALL 1 KG;out;2024-01;45;40000;1800000
688;LU;LADU UNGU;Manis;BALL 1 KG;out;2024-01;80;40000;3200000
689;MC;MAKARONI CIKRUH;Pedas;BALL 1 KG;out;2024-01;40;70000;2800000
690;MCM;MAKARONI CIKRUH MAWARASA;Pedas;BALL 1 KG;out;2024-01;45;70000;3150000
691;MOK;MAKARONI ORI KIORY;Asin;BALL 1 KG;out;2024-01;80;55000;4400000
692;MRB;MAKARONI RUJAK BALI ;Pedas;BALL 1 KG;out;2024-01;120;60000;7200000
693;MT;MAKARONI TABUR;Pedas;BALL 1 KG;out;2024-01;45;60000;2700000
694;MPK;ManisAN PALA KERING;Manis;BALL 4 KG;out;2024-01;80;240000;19200000
695;MM;MARNING ;Asin;BALL 2 KG;out;2024-01;30;90000;2700000
696;MCBM;MARNING CAP BOGOR MAS;Asin;BALL 2 KG;out;2024-01;35;127000;4445000
697;MJS;MARNING JAGUNG AJI SUKA;Asin;BALL 2 KG;out;2024-01;45;100000;4500000
698;MGS;MIE GULUNG ORI/Pedas SDP;Pedas;BALL 1 KG;out;2024-01;85;75000;6375000
699;PM;PANGSIT MAWAR;Pedas;BALL 1 KG;out;2024-01;40;70000;2800000
700;PTB;PILUS TIGA BURUNG ;Asin;BALL 1 KG;out;2024-01;45;53000;2385000
701;PAM;PISANG AROMA MAUYUT;Manis;BALL 2 KG;out;2024-01;45;75000;3375000
702;PAS;PISANG ASIN SDP;Asin;BALL 2 KG;out;2024-01;80;80000;6400000
703;PST;POKEN STIK TAKARA;Asin;BALL 1 KG;out;2024-01;30;65000;1950000
704;PBR;POTATO BULAT BALADO RIORY;Pedas;BALL 1 KG;out;2024-01;45;50000;2250000
705;PKR;POTATO  KOTAK RYORI;Asin;BALL 1 KG;out;2024-01;200;50000;10000000
706;SA;SIOMAY AZAHRA;Pedas;BALL 1 KG;out;2024-01;45;60000;2700000
707;SB;SALE BASAH ;Manis;BALL 1 KG;out;2024-01;30;46000;1380000
708;SBM;SINGKONG BALADO MJ;Pedas;BALL 2 KG;out;2024-01;50;100000;5000000
709;ST;SINGKONG TES ;Asin;BALL 2 KG;out;2024-01;20;120000;2400000
710;SV;SEBLAK VIRAL;Pedas;BALL 1 KG;out;2024-01;46;68000;3128000
711;SM;SISTIK MAWAR;Asin;BALL 1 KG;out;2024-01;10;65000;650000
712;SBT;STIK BALADO TAKARA;Pedas;BALL 1 KG;out;2024-01;80;60000;4800000
713;SUL;SUMPIA UDANG JAYA LAKSANA ;Asin;BALL 2 KG;out;2024-01;45;110000;4950000
714;TGW;TELOR GABUS WIJEN ;Asin;BALL 2 KG;out;2024-01;80;85000;6800000
715;TGT;TELOR GABUS TJ;Asin;BALL 1 KG;out;2024-01;30;35000;1050000
716;APA;ASTOR PANJANG ALADIN;Manis;BALL 4 KG;out;2024-02;40;165000;6600000
717;AMA;ASTOR MINI ALADIN;Manis;BALL 4 KG;out;2024-02;15;140000;2100000
718;APV;ASTOR PANJANG VALEO ;Manis;BALL 4 KG;out;2024-02;15;160000;2400000
719;BI;BAGELEN ION;Manis;BALL 1 KG;out;2024-02;20;63000;1260000
720;B2B;BANPOL 2 BURUNG;Asin;BALL 2 KG;out;2024-02;35;124000;4340000
721;BK;BANTAL KEJU;Asin;BALL 1 KG;out;2024-02;54;60000;3240000
722;BA;BASRENG ATO;Pedas;BALL 2 KG;out;2024-02;60;75000;4500000
723;BO;BATAGOR ORI;Asin;BALL 2 KG;out;2024-02;45;70000;3150000
724;BPD;BOLA PELANGI DUO;Manis;BALL 4 KG;out;2024-02;60;140000;8400000
725;BSA;BOLU S AZZAHRA;Manis;BALL 1 KG;out;2024-02;45;65000;2925000
726;BKT;BROWNIS KARAKTER;Manis;BALL 1 KG;out;2024-02;54;72000;3888000
727;CO;CIKIBUL OSAKA;Manis;BALL 1 KG;out;2024-02;60;40000;2400000
728;CW;CIPUT WAYANG ;Asin;BALL 1 KG;out;2024-02;40;80000;3200000
729;CC;COCOSTIK;Manis;BALL 1 KG;out;2024-02;54;40000;2160000
730;CP;COMBRING PEDAS;Pedas;BALL 1 KG;out;2024-02;54;60000;3240000
731;GD;GURILEM DASYAT;Pedas;BALL 1 KG;out;2024-02;60;50000;3000000
732;GL;GURILEM LYDIA;Pedas;BALL 1 KG;out;2024-02;45;55000;2475000
733;KAB;KACANG ATOM BIMA ;Asin;BALL 2 KG;out;2024-02;54;110000;5940000
734;KBA;KACANG BANDUNG ALADIN;Asin;BALL 2 KG;out;2024-02;60;150000;9000000
735;KK;KACANG KEDELAI;Asin;BALL 2 KG;out;2024-02;45;110000;4950000
736;KM;KACANG MIX;Asin;BALL 2 KG;out;2024-02;54;110000;5940000
737;KTA;KACANG TELOR AMPERA;Asin;BALL 2 KG;out;2024-02;54;130000;7020000
738;KTP;KACANG TOBA PEDAS;Pedas;BALL 2 KG;out;2024-02;65;110000;7150000
739;KCI;KEMPLANG CAP IKAN ;Asin;BALL 1 KG;out;2024-02;20;75000;1500000
740;KKW;KERUPUK KEMPLANG WHR;Asin;BALL 1 KG;out;2024-02;15;70000;1050000
741;KMW;KUE MARIE WIJEN;Asin;BALL 2 KG;out;2024-02;30;115000;3450000
742;KPM;KUPING MINI;Manis;BALL 1 KG;out;2024-02;54;40000;2160000
743;LU;LADU UNGU;Manis;BALL 1 KG;out;2024-02;60;40000;2400000
744;MC;MAKARONI CIKRUH;Pedas;BALL 1 KG;out;2024-02;45;70000;3150000
745;MCM;MAKARONI CIKRUH MAWARASA;Pedas;BALL 1 KG;out;2024-02;54;70000;3780000
746;MOK;MAKARONI ORI KIORY;Asin;BALL 1 KG;out;2024-02;60;55000;3300000
747;MRB;MAKARONI RUJAK BALI ;Pedas;BALL 1 KG;out;2024-02;130;60000;7800000
748;MT;MAKARONI TABUR;Pedas;BALL 1 KG;out;2024-02;54;60000;3240000
749;MPK;ManisAN PALA KERING;Manis;BALL 4 KG;out;2024-02;60;240000;14400000
750;MM;MARNING ;Asin;BALL 2 KG;out;2024-02;40;90000;3600000
751;MCBM;MARNING CAP BOGOR MAS;Asin;BALL 2 KG;out;2024-02;54;127000;6858000
752;MJS;MARNING JAGUNG AJI SUKA;Asin;BALL 2 KG;out;2024-02;54;100000;5400000
753;MGS;MIE GULUNG ORI/Pedas SDP;Pedas;BALL 1 KG;out;2024-02;60;75000;4500000
754;PM;PANGSIT MAWAR;Pedas;BALL 1 KG;out;2024-02;45;70000;3150000
755;PTB;PILUS TIGA BURUNG ;Asin;BALL 1 KG;out;2024-02;54;53000;2862000
756;PAM;PISANG AROMA MAUYUT;Manis;BALL 2 KG;out;2024-02;54;75000;4050000
757;PAS;PISANG ASIN SDP;Asin;BALL 2 KG;out;2024-02;60;80000;4800000
758;PST;POKEN STIK TAKARA;Asin;BALL 1 KG;out;2024-02;45;65000;2925000
759;PBR;POTATO BULAT BALADO RIORY;Pedas;BALL 1 KG;out;2024-02;40;50000;2000000
760;PKR;POTATO  KOTAK RYORI;Asin;BALL 1 KG;out;2024-02;250;50000;12500000
761;SA;SIOMAY AZAHRA;Pedas;BALL 1 KG;out;2024-02;54;60000;3240000
762;SB;SALE BASAH ;Manis;BALL 1 KG;out;2024-02;40;46000;1840000
763;SBM;SINGKONG BALADO MJ;Pedas;BALL 2 KG;out;2024-02;15;100000;1500000
764;ST;SINGKONG TES ;Asin;BALL 2 KG;out;2024-02;22;120000;2640000
765;SV;SEBLAK VIRAL;Pedas;BALL 1 KG;out;2024-02;60;68000;4080000
766;SM;SISTIK MAWAR;Asin;BALL 1 KG;out;2024-02;15;65000;975000
767;SBT;STIK BALADO TAKARA;Pedas;BALL 1 KG;out;2024-02;30;60000;1800000
768;SUL;SUMPIA UDANG JAYA LAKSANA ;Asin;BALL 2 KG;out;2024-02;54;110000;5940000
769;TGW;TELOR GABUS WIJEN ;Asin;BALL 2 KG;out;2024-02;60;85000;5100000
770;TGT;TELOR GABUS TJ;Asin;BALL 1 KG;out;2024-02;40;35000;1400000
771;APA;ASTOR PANJANG ALADIN;Manis;BALL 4 KG;out;2024-03;65;165000;10725000
772;AMA;ASTOR MINI ALADIN;Manis;BALL 4 KG;out;2024-03;33;140000;4620000
773;APV;ASTOR PANJANG VALEO ;Manis;BALL 4 KG;out;2024-03;30;160000;4800000
774;BI;BAGELEN ION;Manis;BALL 1 KG;out;2024-03;35;63000;2205000
775;B2B;BANPOL 2 BURUNG;Asin;BALL 2 KG;out;2024-03;60;124000;7440000
776;BK;BANTAL KEJU;Asin;BALL 1 KG;out;2024-03;50;60000;3000000
777;BA;BASRENG ATO;Pedas;BALL 2 KG;out;2024-03;55;75000;4125000
778;BO;BATAGOR ORI;Asin;BALL 2 KG;out;2024-03;68;70000;4760000
779;BPD;BOLA PELANGI DUO;Manis;BALL 4 KG;out;2024-03;65;140000;9100000
780;BSA;BOLU S AZZAHRA;Manis;BALL 1 KG;out;2024-03;68;65000;4420000
781;BKT;BROWNIS KARAKTER;Manis;BALL 1 KG;out;2024-03;40;72000;2880000
782;CO;CIKIBUL OSAKA;Manis;BALL 1 KG;out;2024-03;55;40000;2200000
783;CW;CIPUT WAYANG ;Asin;BALL 1 KG;out;2024-03;68;80000;5440000
784;CC;COCOSTIK;Manis;BALL 1 KG;out;2024-03;60;40000;2400000
785;CP;COMBRING PEDAS;Pedas;BALL 1 KG;out;2024-03;50;60000;3000000
786;GD;GURILEM DASYAT;Pedas;BALL 1 KG;out;2024-03;55;50000;2750000
787;GL;GURILEM LYDIA;Pedas;BALL 1 KG;out;2024-03;68;55000;3740000
788;KAB;KACANG ATOM BIMA ;Asin;BALL 2 KG;out;2024-03;50;110000;5500000
789;KBA;KACANG BANDUNG ALADIN;Asin;BALL 2 KG;out;2024-03;65;150000;9750000
790;KK;KACANG KEDELAI;Asin;BALL 2 KG;out;2024-03;68;110000;7480000
791;KM;KACANG MIX;Asin;BALL 2 KG;out;2024-03;60;110000;6600000
792;KTA;KACANG TELOR AMPERA;Asin;BALL 2 KG;out;2024-03;50;130000;6500000
793;KTP;KACANG TOBA PEDAS;Pedas;BALL 2 KG;out;2024-03;76;110000;8360000
794;KCI;KEMPLANG CAP IKAN ;Asin;BALL 1 KG;out;2024-03;35;75000;2625000
795;KKW;KERUPUK KEMPLANG WHR;Asin;BALL 1 KG;out;2024-03;30;70000;2100000
796;KMW;KUE MARIE WIJEN;Asin;BALL 2 KG;out;2024-03;35;115000;4025000
797;KPM;KUPING MINI;Manis;BALL 1 KG;out;2024-03;40;40000;1600000
798;LU;LADU UNGU;Manis;BALL 1 KG;out;2024-03;90;40000;3600000
799;MC;MAKARONI CIKRUH;Pedas;BALL 1 KG;out;2024-03;68;70000;4760000
800;MCM;MAKARONI CIKRUH MAWARASA;Pedas;BALL 1 KG;out;2024-03;40;70000;2800000
801;MOK;MAKARONI ORI KIORY;Asin;BALL 1 KG;out;2024-03;55;55000;3025000
802;MRB;MAKARONI RUJAK BALI ;Pedas;BALL 1 KG;out;2024-03;95;60000;5700000
803;MT;MAKARONI TABUR;Pedas;BALL 1 KG;out;2024-03;40;60000;2400000
804;MPK;ManisAN PALA KERING;Manis;BALL 4 KG;out;2024-03;55;240000;13200000
805;MM;MARNING ;Asin;BALL 2 KG;out;2024-03;68;90000;6120000
806;MCBM;MARNING CAP BOGOR MAS;Asin;BALL 2 KG;out;2024-03;60;127000;7620000
807;MJS;MARNING JAGUNG AJI SUKA;Asin;BALL 2 KG;out;2024-03;50;100000;5000000
808;MGS;MIE GULUNG ORI/Pedas SDP;Pedas;BALL 1 KG;out;2024-03;65;75000;4875000
809;PM;PANGSIT MAWAR;Pedas;BALL 1 KG;out;2024-03;68;70000;4760000
810;PTB;PILUS TIGA BURUNG ;Asin;BALL 1 KG;out;2024-03;60;53000;3180000
811;PAM;PISANG AROMA MAUYUT;Manis;BALL 2 KG;out;2024-03;50;75000;3750000
812;PAS;PISANG ASIN SDP;Asin;BALL 2 KG;out;2024-03;90;80000;7200000
813;PST;POKEN STIK TAKARA;Asin;BALL 1 KG;out;2024-03;68;65000;4420000
814;PBR;POTATO BULAT BALADO RIORY;Pedas;BALL 1 KG;out;2024-03;60;50000;3000000
815;PKR;POTATO  KOTAK RYORI;Asin;BALL 1 KG;out;2024-03;210;50000;10500000
816;SA;SIOMAY AZAHRA;Pedas;BALL 1 KG;out;2024-03;40;60000;2400000
817;SB;SALE BASAH ;Manis;BALL 1 KG;out;2024-03;60;46000;2760000
818;SBM;SINGKONG BALADO MJ;Pedas;BALL 2 KG;out;2024-03;33;100000;3300000
819;ST;SINGKONG TES ;Asin;BALL 2 KG;out;2024-03;30;120000;3600000
820;SV;SEBLAK VIRAL;Pedas;BALL 1 KG;out;2024-03;55;68000;3740000
821;SM;SISTIK MAWAR;Asin;BALL 1 KG;out;2024-03;30;65000;1950000
822;SBT;STIK BALADO TAKARA;Pedas;BALL 1 KG;out;2024-03;35;60000;2100000
823;SUL;SUMPIA UDANG JAYA LAKSANA ;Asin;BALL 2 KG;out;2024-03;40;110000;4400000
824;TGW;TELOR GABUS WIJEN ;Asin;BALL 2 KG;out;2024-03;55;85000;4675000
825;TGT;TELOR GABUS TJ;Asin;BALL 1 KG;out;2024-03;68;35000;2380000
826;APA;ASTOR PANJANG ALADIN;Manis;BALL 4 KG;out;2024-04;60;165000;9900000
827;AMA;ASTOR MINI ALADIN;Manis;BALL 4 KG;out;2024-04;23;140000;3220000
828;APV;ASTOR PANJANG VALEO ;Manis;BALL 4 KG;out;2024-04;25;160000;4000000
829;BI;BAGELEN ION;Manis;BALL 1 KG;out;2024-04;55;63000;3465000
830;B2B;BANPOL 2 BURUNG;Asin;BALL 2 KG;out;2024-04;30;124000;3720000
831;BK;BANTAL KEJU;Asin;BALL 1 KG;out;2024-04;55;60000;3300000
832;BA;BASRENG ATO;Pedas;BALL 2 KG;out;2024-04;58;75000;4350000
833;BO;BATAGOR ORI;Asin;BALL 2 KG;out;2024-04;70;70000;4900000
834;BPD;BOLA PELANGI DUO;Manis;BALL 4 KG;out;2024-04;58;140000;8120000
835;BSA;BOLU S AZZAHRA;Manis;BALL 1 KG;out;2024-04;70;65000;4550000
836;BKT;BROWNIS KARAKTER;Manis;BALL 1 KG;out;2024-04;55;72000;3960000
837;CO;CIKIBUL OSAKA;Manis;BALL 1 KG;out;2024-04;58;40000;2320000
838;CW;CIPUT WAYANG ;Asin;BALL 1 KG;out;2024-04;70;80000;5600000
839;CC;COCOSTIK;Manis;BALL 1 KG;out;2024-04;55;40000;2200000
840;CP;COMBRING PEDAS;Pedas;BALL 1 KG;out;2024-04;55;60000;3300000
841;GD;GURILEM DASYAT;Pedas;BALL 1 KG;out;2024-04;58;50000;2900000
842;GL;GURILEM LYDIA;Pedas;BALL 1 KG;out;2024-04;70;55000;3850000
843;KAB;KACANG ATOM BIMA ;Asin;BALL 2 KG;out;2024-04;55;110000;6050000
844;KBA;KACANG BANDUNG ALADIN;Asin;BALL 2 KG;out;2024-04;58;150000;8700000
845;KK;KACANG KEDELAI;Asin;BALL 2 KG;out;2024-04;70;110000;7700000
846;KM;KACANG MIX;Asin;BALL 2 KG;out;2024-04;55;110000;6050000
847;KTA;KACANG TELOR AMPERA;Asin;BALL 2 KG;out;2024-04;55;130000;7150000
848;KTP;KACANG TOBA PEDAS;Pedas;BALL 2 KG;out;2024-04;58;110000;6380000
849;KCI;KEMPLANG CAP IKAN ;Asin;BALL 1 KG;out;2024-04;55;75000;4125000
850;KKW;KERUPUK KEMPLANG WHR;Asin;BALL 1 KG;out;2024-04;25;70000;1750000
851;KMW;KUE MARIE WIJEN;Asin;BALL 2 KG;out;2024-04;55;115000;6325000
852;KPM;KUPING MINI;Manis;BALL 1 KG;out;2024-04;55;40000;2200000
853;LU;LADU UNGU;Manis;BALL 1 KG;out;2024-04;80;40000;3200000
854;MC;MAKARONI CIKRUH;Pedas;BALL 1 KG;out;2024-04;70;70000;4900000
855;MCM;MAKARONI CIKRUH MAWARASA;Pedas;BALL 1 KG;out;2024-04;55;70000;3850000
856;MOK;MAKARONI ORI KIORY;Asin;BALL 1 KG;out;2024-04;58;55000;3190000
857;MRB;MAKARONI RUJAK BALI ;Pedas;BALL 1 KG;out;2024-04;120;60000;7200000
858;MT;MAKARONI TABUR;Pedas;BALL 1 KG;out;2024-04;55;60000;3300000
859;MPK;ManisAN PALA KERING;Manis;BALL 4 KG;out;2024-04;58;240000;13920000
860;MM;MARNING ;Asin;BALL 2 KG;out;2024-04;70;90000;6300000
861;MCBM;MARNING CAP BOGOR MAS;Asin;BALL 2 KG;out;2024-04;55;127000;6985000
862;MJS;MARNING JAGUNG AJI SUKA;Asin;BALL 2 KG;out;2024-04;55;100000;5500000
863;MGS;MIE GULUNG ORI/Pedas SDP;Pedas;BALL 1 KG;out;2024-04;58;75000;4350000
864;PM;PANGSIT MAWAR;Pedas;BALL 1 KG;out;2024-04;70;70000;4900000
865;PTB;PILUS TIGA BURUNG ;Asin;BALL 1 KG;out;2024-04;55;53000;2915000
866;PAM;PISANG AROMA MAUYUT;Manis;BALL 2 KG;out;2024-04;55;75000;4125000
867;PAS;PISANG ASIN SDP;Asin;BALL 2 KG;out;2024-04;70;80000;5600000
868;PST;POKEN STIK TAKARA;Asin;BALL 1 KG;out;2024-04;70;65000;4550000
869;PBR;POTATO BULAT BALADO RIORY;Pedas;BALL 1 KG;out;2024-04;65;50000;3250000
870;PKR;POTATO  KOTAK RYORI;Asin;BALL 1 KG;out;2024-04;250;50000;12500000
871;SA;SIOMAY AZAHRA;Pedas;BALL 1 KG;out;2024-04;55;60000;3300000
872;SB;SALE BASAH ;Manis;BALL 1 KG;out;2024-04;65;46000;2990000
873;SBM;SINGKONG BALADO MJ;Pedas;BALL 2 KG;out;2024-04;23;100000;2300000
874;ST;SINGKONG TES ;Asin;BALL 2 KG;out;2024-04;25;120000;3000000
875;SV;SEBLAK VIRAL;Pedas;BALL 1 KG;out;2024-04;75;68000;5100000
876;SM;SISTIK MAWAR;Asin;BALL 1 KG;out;2024-04;25;65000;1625000
877;SBT;STIK BALADO TAKARA;Pedas;BALL 1 KG;out;2024-04;55;60000;3300000
878;SUL;SUMPIA UDANG JAYA LAKSANA ;Asin;BALL 2 KG;out;2024-04;55;110000;6050000
879;TGW;TELOR GABUS WIJEN ;Asin;BALL 2 KG;out;2024-04;58;85000;4930000
880;TGT;TELOR GABUS TJ;Asin;BALL 1 KG;out;2024-04;70;35000;2450000
881;APA;ASTOR PANJANG ALADIN;Manis;BALL 4 KG;out;2024-05;52;165000;8580000
882;AMA;ASTOR MINI ALADIN;Manis;BALL 4 KG;out;2024-05;22;140000;3080000
883;APV;ASTOR PANJANG VALEO ;Manis;BALL 4 KG;out;2024-05;25;160000;4000000
884;BI;BAGELEN ION;Manis;BALL 1 KG;out;2024-05;77;63000;4851000
885;B2B;BANPOL 2 BURUNG;Asin;BALL 2 KG;out;2024-05;45;124000;5580000
886;BK;BANTAL KEJU;Asin;BALL 1 KG;out;2024-05;65;60000;3900000
887;BA;BASRENG ATO;Pedas;BALL 2 KG;out;2024-05;40;75000;3000000
888;BO;BATAGOR ORI;Asin;BALL 2 KG;out;2024-05;72;70000;5040000
889;BPD;BOLA PELANGI DUO;Manis;BALL 4 KG;out;2024-05;40;140000;5600000
890;BSA;BOLU S AZZAHRA;Manis;BALL 1 KG;out;2024-05;72;65000;4680000
891;BKT;BROWNIS KARAKTER;Manis;BALL 1 KG;out;2024-05;65;72000;4680000
892;CO;CIKIBUL OSAKA;Manis;BALL 1 KG;out;2024-05;40;40000;1600000
893;CW;CIPUT WAYANG ;Asin;BALL 1 KG;out;2024-05;72;80000;5760000
894;CC;COCOSTIK;Manis;BALL 1 KG;out;2024-05;65;40000;2600000
895;CP;COMBRING PEDAS;Pedas;BALL 1 KG;out;2024-05;65;60000;3900000
896;GD;GURILEM DASYAT;Pedas;BALL 1 KG;out;2024-05;40;50000;2000000
897;GL;GURILEM LYDIA;Pedas;BALL 1 KG;out;2024-05;72;55000;3960000
898;KAB;KACANG ATOM BIMA ;Asin;BALL 2 KG;out;2024-05;65;110000;7150000
899;KBA;KACANG BANDUNG ALADIN;Asin;BALL 2 KG;out;2024-05;40;150000;6000000
900;KK;KACANG KEDELAI;Asin;BALL 2 KG;out;2024-05;72;110000;7920000
901;KM;KACANG MIX;Asin;BALL 2 KG;out;2024-05;65;110000;7150000
902;KTA;KACANG TELOR AMPERA;Asin;BALL 2 KG;out;2024-05;65;130000;8450000
903;KTP;KACANG TOBA PEDAS;Pedas;BALL 2 KG;out;2024-05;60;110000;6600000
904;KCI;KEMPLANG CAP IKAN ;Asin;BALL 1 KG;out;2024-05;36;75000;2700000
905;KKW;KERUPUK KEMPLANG WHR;Asin;BALL 1 KG;out;2024-05;25;70000;1750000
906;KMW;KUE MARIE WIJEN;Asin;BALL 2 KG;out;2024-05;41;115000;4715000
907;KPM;KUPING MINI;Manis;BALL 1 KG;out;2024-05;65;40000;2600000
908;LU;LADU UNGU;Manis;BALL 1 KG;out;2024-05;40;40000;1600000
909;MC;MAKARONI CIKRUH;Pedas;BALL 1 KG;out;2024-05;72;70000;5040000
910;MCM;MAKARONI CIKRUH MAWARASA;Pedas;BALL 1 KG;out;2024-05;65;70000;4550000
911;MOK;MAKARONI ORI KIORY;Asin;BALL 1 KG;out;2024-05;40;55000;2200000
912;MRB;MAKARONI RUJAK BALI ;Pedas;BALL 1 KG;out;2024-05;140;60000;8400000
913;MT;MAKARONI TABUR;Pedas;BALL 1 KG;out;2024-05;65;60000;3900000
914;MPK;ManisAN PALA KERING;Manis;BALL 4 KG;out;2024-05;40;240000;9600000
915;MM;MARNING ;Asin;BALL 2 KG;out;2024-05;72;90000;6480000
916;MCBM;MARNING CAP BOGOR MAS;Asin;BALL 2 KG;out;2024-05;65;127000;8255000
917;MJS;MARNING JAGUNG AJI SUKA;Asin;BALL 2 KG;out;2024-05;65;100000;6500000
918;MGS;MIE GULUNG ORI/Pedas SDP;Pedas;BALL 1 KG;out;2024-05;40;75000;3000000
919;PM;PANGSIT MAWAR;Pedas;BALL 1 KG;out;2024-05;72;70000;5040000
920;PTB;PILUS TIGA BURUNG ;Asin;BALL 1 KG;out;2024-05;65;53000;3445000
921;PAM;PISANG AROMA MAUYUT;Manis;BALL 2 KG;out;2024-05;65;75000;4875000
922;PAS;PISANG ASIN SDP;Asin;BALL 2 KG;out;2024-05;60;80000;4800000
923;PST;POKEN STIK TAKARA;Asin;BALL 1 KG;out;2024-05;72;65000;4680000
924;PBR;POTATO BULAT BALADO RIORY;Pedas;BALL 1 KG;out;2024-05;70;50000;3500000
925;PKR;POTATO  KOTAK RYORI;Asin;BALL 1 KG;out;2024-05;275;50000;13750000
926;SA;SIOMAY AZAHRA;Pedas;BALL 1 KG;out;2024-05;65;60000;3900000
927;SB;SALE BASAH ;Manis;BALL 1 KG;out;2024-05;70;46000;3220000
928;SBM;SINGKONG BALADO MJ;Pedas;BALL 2 KG;out;2024-05;22;100000;2200000
929;ST;SINGKONG TES ;Asin;BALL 2 KG;out;2024-05;25;120000;3000000
930;SV;SEBLAK VIRAL;Pedas;BALL 1 KG;out;2024-05;80;68000;5440000
931;SM;SISTIK MAWAR;Asin;BALL 1 KG;out;2024-05;25;65000;1625000
932;SBT;STIK BALADO TAKARA;Pedas;BALL 1 KG;out;2024-05;41;60000;2460000
933;SUL;SUMPIA UDANG JAYA LAKSANA ;Asin;BALL 2 KG;out;2024-05;65;110000;7150000
934;TGW;TELOR GABUS WIJEN ;Asin;BALL 2 KG;out;2024-05;40;85000;3400000
935;TGT;TELOR GABUS TJ;Asin;BALL 1 KG;out;2024-05;72;35000;2520000
936;APA;ASTOR PANJANG ALADIN;Manis;BALL 4 KG;out;2024-06;60;165000;9900000
937;AMA;ASTOR MINI ALADIN;Manis;BALL 4 KG;out;2024-06;34;140000;4760000
938;APV;ASTOR PANJANG VALEO ;Manis;BALL 4 KG;out;2024-06;45;160000;7200000
939;BI;BAGELEN ION;Manis;BALL 1 KG;out;2024-06;65;63000;4095000
940;B2B;BANPOL 2 BURUNG;Asin;BALL 2 KG;out;2024-06;55;124000;6820000
941;BK;BANTAL KEJU;Asin;BALL 1 KG;out;2024-06;60;60000;3600000
942;BA;BASRENG ATO;Pedas;BALL 2 KG;out;2024-06;55;75000;4125000
943;BO;BATAGOR ORI;Asin;BALL 2 KG;out;2024-06;65;70000;4550000
944;BPD;BOLA PELANGI DUO;Manis;BALL 4 KG;out;2024-06;55;140000;7700000
945;BSA;BOLU S AZZAHRA;Manis;BALL 1 KG;out;2024-06;65;65000;4225000
946;BKT;BROWNIS KARAKTER;Manis;BALL 1 KG;out;2024-06;62;72000;4464000
947;CO;CIKIBUL OSAKA;Manis;BALL 1 KG;out;2024-06;55;40000;2200000
948;CW;CIPUT WAYANG ;Asin;BALL 1 KG;out;2024-06;55;80000;4400000
949;CC;COCOSTIK;Manis;BALL 1 KG;out;2024-06;60;40000;2400000
950;CP;COMBRING PEDAS;Pedas;BALL 1 KG;out;2024-06;60;60000;3600000
951;GD;GURILEM DASYAT;Pedas;BALL 1 KG;out;2024-06;55;50000;2750000
952;GL;GURILEM LYDIA;Pedas;BALL 1 KG;out;2024-06;65;55000;3575000
953;KAB;KACANG ATOM BIMA ;Asin;BALL 2 KG;out;2024-06;62;110000;6820000
954;KBA;KACANG BANDUNG ALADIN;Asin;BALL 2 KG;out;2024-06;55;150000;8250000
955;KK;KACANG KEDELAI;Asin;BALL 2 KG;out;2024-06;65;110000;7150000
956;KM;KACANG MIX;Asin;BALL 2 KG;out;2024-06;65;110000;7150000
957;KTA;KACANG TELOR AMPERA;Asin;BALL 2 KG;out;2024-06;60;130000;7800000
958;KTP;KACANG TOBA PEDAS;Pedas;BALL 2 KG;out;2024-06;55;110000;6050000
959;KCI;KEMPLANG CAP IKAN ;Asin;BALL 1 KG;out;2024-06;65;75000;4875000
960;KKW;KERUPUK KEMPLANG WHR;Asin;BALL 1 KG;out;2024-06;45;70000;3150000
961;KMW;KUE MARIE WIJEN;Asin;BALL 2 KG;out;2024-06;65;115000;7475000
962;KPM;KUPING MINI;Manis;BALL 1 KG;out;2024-06;62;40000;2480000
963;LU;LADU UNGU;Manis;BALL 1 KG;out;2024-06;55;40000;2200000
964;MC;MAKARONI CIKRUH;Pedas;BALL 1 KG;out;2024-06;70;70000;4900000
965;MCM;MAKARONI CIKRUH MAWARASA;Pedas;BALL 1 KG;out;2024-06;62;70000;4340000
966;MOK;MAKARONI ORI KIORY;Asin;BALL 1 KG;out;2024-06;55;55000;3025000
967;MRB;MAKARONI RUJAK BALI ;Pedas;BALL 1 KG;out;2024-06;160;60000;9600000
968;MT;MAKARONI TABUR;Pedas;BALL 1 KG;out;2024-06;62;60000;3720000
969;MPK;ManisAN PALA KERING;Manis;BALL 4 KG;out;2024-06;55;240000;13200000
970;MM;MARNING ;Asin;BALL 2 KG;out;2024-06;65;90000;5850000
971;MCBM;MARNING CAP BOGOR MAS;Asin;BALL 2 KG;out;2024-06;60;127000;7620000
972;MJS;MARNING JAGUNG AJI SUKA;Asin;BALL 2 KG;out;2024-06;60;100000;6000000
973;MGS;MIE GULUNG ORI/Pedas SDP;Pedas;BALL 1 KG;out;2024-06;55;75000;4125000
974;PM;PANGSIT MAWAR;Pedas;BALL 1 KG;out;2024-06;65;70000;4550000
975;PTB;PILUS TIGA BURUNG ;Asin;BALL 1 KG;out;2024-06;66;53000;3498000
976;PAM;PISANG AROMA MAUYUT;Manis;BALL 2 KG;out;2024-06;60;75000;4500000
977;PAS;PISANG ASIN SDP;Asin;BALL 2 KG;out;2024-06;55;80000;4400000
978;PST;POKEN STIK TAKARA;Asin;BALL 1 KG;out;2024-06;65;65000;4225000
979;PBR;POTATO BULAT BALADO RIORY;Pedas;BALL 1 KG;out;2024-06;80;50000;4000000
980;PKR;POTATO  KOTAK RYORI;Asin;BALL 1 KG;out;2024-06;295;50000;14750000
981;SA;SIOMAY AZAHRA;Pedas;BALL 1 KG;out;2024-06;62;60000;3720000
982;SB;SALE BASAH ;Manis;BALL 1 KG;out;2024-06;60;46000;2760000
983;SBM;SINGKONG BALADO MJ;Pedas;BALL 2 KG;out;2024-06;34;100000;3400000
984;ST;SINGKONG TES ;Asin;BALL 2 KG;out;2024-06;45;120000;5400000
985;SV;SEBLAK VIRAL;Pedas;BALL 1 KG;out;2024-06;52;68000;3536000
986;SM;SISTIK MAWAR;Asin;BALL 1 KG;out;2024-06;45;65000;2925000
987;SBT;STIK BALADO TAKARA;Pedas;BALL 1 KG;out;2024-06;65;60000;3900000
988;SUL;SUMPIA UDANG JAYA LAKSANA ;Asin;BALL 2 KG;out;2024-06;62;110000;6820000
989;TGW;TELOR GABUS WIJEN ;Asin;BALL 2 KG;out;2024-06;55;85000;4675000
990;TGT;TELOR GABUS TJ;Asin;BALL 1 KG;out;2024-06;65;35000;2275000
991;APA;ASTOR PANJANG ALADIN;Manis;BALL 4 KG;out;2024-07;65;165000;10725000
992;AMA;ASTOR MINI ALADIN;Manis;BALL 4 KG;out;2024-07;45;140000;6300000
993;APV;ASTOR PANJANG VALEO ;Manis;BALL 4 KG;out;2024-07;30;160000;4800000
994;BI;BAGELEN ION;Manis;BALL 1 KG;out;2024-07;44;63000;2772000
995;B2B;BANPOL 2 BURUNG;Asin;BALL 2 KG;out;2024-07;40;124000;4960000
996;BK;BANTAL KEJU;Asin;BALL 1 KG;out;2024-07;25;60000;1500000
997;BA;BASRENG ATO;Pedas;BALL 2 KG;out;2024-07;66;75000;4950000
998;BO;BATAGOR ORI;Asin;BALL 2 KG;out;2024-07;50;70000;3500000
999;BPD;BOLA PELANGI DUO;Manis;BALL 4 KG;out;2024-07;66;140000;9240000
1000;BSA;BOLU S AZZAHRA;Manis;BALL 1 KG;out;2024-07;50;65000;3250000
1001;BKT;BROWNIS KARAKTER;Manis;BALL 1 KG;out;2024-07;25;72000;1800000
1002;CO;CIKIBUL OSAKA;Manis;BALL 1 KG;out;2024-07;66;40000;2640000
1003;CW;CIPUT WAYANG ;Asin;BALL 1 KG;out;2024-07;50;80000;4000000
1004;CC;COCOSTIK;Manis;BALL 1 KG;out;2024-07;55;40000;2200000
1005;CP;COMBRING PEDAS;Pedas;BALL 1 KG;out;2024-07;55;60000;3300000
1006;GD;GURILEM DASYAT;Pedas;BALL 1 KG;out;2024-07;66;50000;3300000
1007;GL;GURILEM LYDIA;Pedas;BALL 1 KG;out;2024-07;50;55000;2750000
1008;KAB;KACANG ATOM BIMA ;Asin;BALL 2 KG;out;2024-07;55;110000;6050000
1009;KBA;KACANG BANDUNG ALADIN;Asin;BALL 2 KG;out;2024-07;66;150000;9900000
1010;KK;KACANG KEDELAI;Asin;BALL 2 KG;out;2024-07;50;110000;5500000
1011;KM;KACANG MIX;Asin;BALL 2 KG;out;2024-07;58;110000;6380000
1012;KTA;KACANG TELOR AMPERA;Asin;BALL 2 KG;out;2024-07;55;130000;7150000
1013;KTP;KACANG TOBA PEDAS;Pedas;BALL 2 KG;out;2024-07;66;110000;7260000
1014;KCI;KEMPLANG CAP IKAN ;Asin;BALL 1 KG;out;2024-07;44;75000;3300000
1015;KKW;KERUPUK KEMPLANG WHR;Asin;BALL 1 KG;out;2024-07;30;70000;2100000
1016;KMW;KUE MARIE WIJEN;Asin;BALL 2 KG;out;2024-07;44;115000;5060000
1017;KPM;KUPING MINI;Manis;BALL 1 KG;out;2024-07;25;40000;1000000
1018;LU;LADU UNGU;Manis;BALL 1 KG;out;2024-07;66;40000;2640000
1019;MC;MAKARONI CIKRUH;Pedas;BALL 1 KG;out;2024-07;50;70000;3500000
1020;MCM;MAKARONI CIKRUH MAWARASA;Pedas;BALL 1 KG;out;2024-07;35;70000;2450000
1021;MOK;MAKARONI ORI KIORY;Asin;BALL 1 KG;out;2024-07;66;55000;3630000
1022;MRB;MAKARONI RUJAK BALI ;Pedas;BALL 1 KG;out;2024-07;80;60000;4800000
1023;MT;MAKARONI TABUR;Pedas;BALL 1 KG;out;2024-07;47;60000;2820000
1024;MPK;ManisAN PALA KERING;Manis;BALL 4 KG;out;2024-07;66;240000;15840000
1025;MM;MARNING ;Asin;BALL 2 KG;out;2024-07;50;90000;4500000
1026;MCBM;MARNING CAP BOGOR MAS;Asin;BALL 2 KG;out;2024-07;55;127000;6985000
1027;MJS;MARNING JAGUNG AJI SUKA;Asin;BALL 2 KG;out;2024-07;55;100000;5500000
1028;MGS;MIE GULUNG ORI/Pedas SDP;Pedas;BALL 1 KG;out;2024-07;66;75000;4950000
1029;PM;PANGSIT MAWAR;Pedas;BALL 1 KG;out;2024-07;50;70000;3500000
1030;PTB;PILUS TIGA BURUNG ;Asin;BALL 1 KG;out;2024-07;55;53000;2915000
1031;PAM;PISANG AROMA MAUYUT;Manis;BALL 2 KG;out;2024-07;55;75000;4125000
1032;PAS;PISANG ASIN SDP;Asin;BALL 2 KG;out;2024-07;66;80000;5280000
1033;PST;POKEN STIK TAKARA;Asin;BALL 1 KG;out;2024-07;50;65000;3250000
1034;PBR;POTATO BULAT BALADO RIORY;Pedas;BALL 1 KG;out;2024-07;45;50000;2250000
1035;PKR;POTATO  KOTAK RYORI;Asin;BALL 1 KG;out;2024-07;160;50000;8000000
1036;SA;SIOMAY AZAHRA;Pedas;BALL 1 KG;out;2024-07;35;60000;2100000
1037;SB;SALE BASAH ;Manis;BALL 1 KG;out;2024-07;54;46000;2484000
1038;SBM;SINGKONG BALADO MJ;Pedas;BALL 2 KG;out;2024-07;45;100000;4500000
1039;ST;SINGKONG TES ;Asin;BALL 2 KG;out;2024-07;30;120000;3600000
1040;SV;SEBLAK VIRAL;Pedas;BALL 1 KG;out;2024-07;64;68000;4352000
1041;SM;SISTIK MAWAR;Asin;BALL 1 KG;out;2024-07;30;65000;1950000
1042;SBT;STIK BALADO TAKARA;Pedas;BALL 1 KG;out;2024-07;44;60000;2640000
1043;SUL;SUMPIA UDANG JAYA LAKSANA ;Asin;BALL 2 KG;out;2024-07;25;110000;2750000
1044;TGW;TELOR GABUS WIJEN ;Asin;BALL 2 KG;out;2024-07;66;85000;5610000
1045;TGT;TELOR GABUS TJ;Asin;BALL 1 KG;out;2024-07;50;35000;1750000
1046;APA;ASTOR PANJANG ALADIN;Manis;BALL 4 KG;out;2024-08;53;165000;8745000
1047;AMA;ASTOR MINI ALADIN;Manis;BALL 4 KG;out;2024-08;55;140000;7700000
1048;APV;ASTOR PANJANG VALEO ;Manis;BALL 4 KG;out;2024-08;38;160000;6080000
1049;BI;BAGELEN ION;Manis;BALL 1 KG;out;2024-08;37;63000;2331000
1050;B2B;BANPOL 2 BURUNG;Asin;BALL 2 KG;out;2024-08;55;124000;6820000
1051;BK;BANTAL KEJU;Asin;BALL 1 KG;out;2024-08;40;60000;2400000
1052;BA;BASRENG ATO;Pedas;BALL 2 KG;out;2024-08;45;75000;3375000
1053;BO;BATAGOR ORI;Asin;BALL 2 KG;out;2024-08;65;70000;4550000
1054;BPD;BOLA PELANGI DUO;Manis;BALL 4 KG;out;2024-08;55;140000;7700000
1055;BSA;BOLU S AZZAHRA;Manis;BALL 1 KG;out;2024-08;65;65000;4225000
1056;BKT;BROWNIS KARAKTER;Manis;BALL 1 KG;out;2024-08;30;72000;2160000
1057;CO;CIKIBUL OSAKA;Manis;BALL 1 KG;out;2024-08;45;40000;1800000
1058;CW;CIPUT WAYANG ;Asin;BALL 1 KG;out;2024-08;62;80000;4960000
1059;CC;COCOSTIK;Manis;BALL 1 KG;out;2024-08;45;40000;1800000
1060;CP;COMBRING PEDAS;Pedas;BALL 1 KG;out;2024-08;40;60000;2400000
1061;GD;GURILEM DASYAT;Pedas;BALL 1 KG;out;2024-08;45;50000;2250000
1062;GL;GURILEM LYDIA;Pedas;BALL 1 KG;out;2024-08;65;55000;3575000
1063;KAB;KACANG ATOM BIMA ;Asin;BALL 2 KG;out;2024-08;40;110000;4400000
1064;KBA;KACANG BANDUNG ALADIN;Asin;BALL 2 KG;out;2024-08;45;150000;6750000
1065;KK;KACANG KEDELAI;Asin;BALL 2 KG;out;2024-08;65;110000;7150000
1066;KM;KACANG MIX;Asin;BALL 2 KG;out;2024-08;53;110000;5830000
1067;KTA;KACANG TELOR AMPERA;Asin;BALL 2 KG;out;2024-08;40;130000;5200000
1068;KTP;KACANG TOBA PEDAS;Pedas;BALL 2 KG;out;2024-08;60;110000;6600000
1069;KCI;KEMPLANG CAP IKAN ;Asin;BALL 1 KG;out;2024-08;37;75000;2775000
1070;KKW;KERUPUK KEMPLANG WHR;Asin;BALL 1 KG;out;2024-08;36;70000;2520000
1071;KMW;KUE MARIE WIJEN;Asin;BALL 2 KG;out;2024-08;47;115000;5405000
1072;KPM;KUPING MINI;Manis;BALL 1 KG;out;2024-08;40;40000;1600000
1073;LU;LADU UNGU;Manis;BALL 1 KG;out;2024-08;55;40000;2200000
1074;MC;MAKARONI CIKRUH;Pedas;BALL 1 KG;out;2024-08;75;70000;5250000
1075;MCM;MAKARONI CIKRUH MAWARASA;Pedas;BALL 1 KG;out;2024-08;30;70000;2100000
1076;MOK;MAKARONI ORI KIORY;Asin;BALL 1 KG;out;2024-08;45;55000;2475000
1077;MRB;MAKARONI RUJAK BALI ;Pedas;BALL 1 KG;out;2024-08;100;60000;6000000
1078;MT;MAKARONI TABUR;Pedas;BALL 1 KG;out;2024-08;40;60000;2400000
1079;MPK;ManisAN PALA KERING;Manis;BALL 4 KG;out;2024-08;48;240000;11520000
1080;MM;MARNING ;Asin;BALL 2 KG;out;2024-08;62;90000;5580000
1081;MCBM;MARNING CAP BOGOR MAS;Asin;BALL 2 KG;out;2024-08;45;127000;5715000
1082;MJS;MARNING JAGUNG AJI SUKA;Asin;BALL 2 KG;out;2024-08;40;100000;4000000
1083;MGS;MIE GULUNG ORI/Pedas SDP;Pedas;BALL 1 KG;out;2024-08;45;75000;3375000
1084;PM;PANGSIT MAWAR;Pedas;BALL 1 KG;out;2024-08;65;70000;4550000
1085;PTB;PILUS TIGA BURUNG ;Asin;BALL 1 KG;out;2024-08;50;53000;2650000
1086;PAM;PISANG AROMA MAUYUT;Manis;BALL 2 KG;out;2024-08;40;75000;3000000
1087;PAS;PISANG ASIN SDP;Asin;BALL 2 KG;out;2024-08;45;80000;3600000
1088;PST;POKEN STIK TAKARA;Asin;BALL 1 KG;out;2024-08;65;65000;4225000
1089;PBR;POTATO BULAT BALADO RIORY;Pedas;BALL 1 KG;out;2024-08;43;50000;2150000
1090;PKR;POTATO  KOTAK RYORI;Asin;BALL 1 KG;out;2024-08;170;50000;8500000
1091;SA;SIOMAY AZAHRA;Pedas;BALL 1 KG;out;2024-08;40;60000;2400000
1092;SB;SALE BASAH ;Manis;BALL 1 KG;out;2024-08;43;46000;1978000
1093;SBM;SINGKONG BALADO MJ;Pedas;BALL 2 KG;out;2024-08;55;100000;5500000
1094;ST;SINGKONG TES ;Asin;BALL 2 KG;out;2024-08;38;120000;4560000
1095;SV;SEBLAK VIRAL;Pedas;BALL 1 KG;out;2024-08;72;68000;4896000
1096;SM;SISTIK MAWAR;Asin;BALL 1 KG;out;2024-08;38;65000;2470000
1097;SBT;STIK BALADO TAKARA;Pedas;BALL 1 KG;out;2024-08;47;60000;2820000
1098;SUL;SUMPIA UDANG JAYA LAKSANA ;Asin;BALL 2 KG;out;2024-08;40;110000;4400000
1099;TGW;TELOR GABUS WIJEN ;Asin;BALL 2 KG;out;2024-08;45;85000;3825000
1100;TGT;TELOR GABUS TJ;Asin;BALL 1 KG;out;2024-08;62;35000;2170000
1101;APA;ASTOR PANJANG ALADIN;Manis;BALL 4 KG;out;2024-09;30;165000;4950000
1102;AMA;ASTOR MINI ALADIN;Manis;BALL 4 KG;out;2024-09;27;140000;3780000
1103;APV;ASTOR PANJANG VALEO ;Manis;BALL 4 KG;out;2024-09;80;160000;12800000
1104;BI;BAGELEN ION;Manis;BALL 1 KG;out;2024-09;28;63000;1764000
1105;B2B;BANPOL 2 BURUNG;Asin;BALL 2 KG;out;2024-09;40;124000;4960000
1106;BK;BANTAL KEJU;Asin;BALL 1 KG;out;2024-09;48;60000;2880000
1107;BA;BASRENG ATO;Pedas;BALL 2 KG;out;2024-09;55;75000;4125000
1108;BO;BATAGOR ORI;Asin;BALL 2 KG;out;2024-09;58;70000;4060000
1109;BPD;BOLA PELANGI DUO;Manis;BALL 4 KG;out;2024-09;55;140000;7700000
1110;BSA;BOLU S AZZAHRA;Manis;BALL 1 KG;out;2024-09;58;65000;3770000
1111;BKT;BROWNIS KARAKTER;Manis;BALL 1 KG;out;2024-09;35;72000;2520000
1112;CO;CIKIBUL OSAKA;Manis;BALL 1 KG;out;2024-09;55;40000;2200000
1113;CW;CIPUT WAYANG ;Asin;BALL 1 KG;out;2024-09;58;80000;4640000
1114;CC;COCOSTIK;Manis;BALL 1 KG;out;2024-09;48;40000;1920000
1115;CP;COMBRING PEDAS;Pedas;BALL 1 KG;out;2024-09;48;60000;2880000
1116;GD;GURILEM DASYAT;Pedas;BALL 1 KG;out;2024-09;55;50000;2750000
1117;GL;GURILEM LYDIA;Pedas;BALL 1 KG;out;2024-09;58;55000;3190000
1118;KAB;KACANG ATOM BIMA ;Asin;BALL 2 KG;out;2024-09;48;110000;5280000
1119;KBA;KACANG BANDUNG ALADIN;Asin;BALL 2 KG;out;2024-09;55;150000;8250000
1120;KK;KACANG KEDELAI;Asin;BALL 2 KG;out;2024-09;58;110000;6380000
1121;KM;KACANG MIX;Asin;BALL 2 KG;out;2024-09;60;110000;6600000
1122;KTA;KACANG TELOR AMPERA;Asin;BALL 2 KG;out;2024-09;48;130000;6240000
1123;KTP;KACANG TOBA PEDAS;Pedas;BALL 2 KG;out;2024-09;60;110000;6600000
1124;KCI;KEMPLANG CAP IKAN ;Asin;BALL 1 KG;out;2024-09;28;75000;2100000
1125;KKW;KERUPUK KEMPLANG WHR;Asin;BALL 1 KG;out;2024-09;80;70000;5600000
1126;KMW;KUE MARIE WIJEN;Asin;BALL 2 KG;out;2024-09;28;115000;3220000
1127;KPM;KUPING MINI;Manis;BALL 1 KG;out;2024-09;45;40000;1800000
1128;LU;LADU UNGU;Manis;BALL 1 KG;out;2024-09;50;40000;2000000
1129;MC;MAKARONI CIKRUH;Pedas;BALL 1 KG;out;2024-09;65;70000;4550000
1130;MCM;MAKARONI CIKRUH MAWARASA;Pedas;BALL 1 KG;out;2024-09;35;70000;2450000
1131;MOK;MAKARONI ORI KIORY;Asin;BALL 1 KG;out;2024-09;55;55000;3025000
1132;MRB;MAKARONI RUJAK BALI ;Pedas;BALL 1 KG;out;2024-09;110;60000;6600000
1133;MT;MAKARONI TABUR;Pedas;BALL 1 KG;out;2024-09;45;60000;2700000
1134;MPK;ManisAN PALA KERING;Manis;BALL 4 KG;out;2024-09;55;240000;13200000
1135;MM;MARNING ;Asin;BALL 2 KG;out;2024-09;58;90000;5220000
1136;MCBM;MARNING CAP BOGOR MAS;Asin;BALL 2 KG;out;2024-09;48;127000;6096000
1137;MJS;MARNING JAGUNG AJI SUKA;Asin;BALL 2 KG;out;2024-09;48;100000;4800000
1138;MGS;MIE GULUNG ORI/Pedas SDP;Pedas;BALL 1 KG;out;2024-09;55;75000;4125000
1139;PM;PANGSIT MAWAR;Pedas;BALL 1 KG;out;2024-09;58;70000;4060000
1140;PTB;PILUS TIGA BURUNG ;Asin;BALL 1 KG;out;2024-09;48;53000;2544000
1141;PAM;PISANG AROMA MAUYUT;Manis;BALL 2 KG;out;2024-09;48;75000;3600000
1142;PAS;PISANG ASIN SDP;Asin;BALL 2 KG;out;2024-09;55;80000;4400000
1143;PST;POKEN STIK TAKARA;Asin;BALL 1 KG;out;2024-09;58;65000;3770000
1144;PBR;POTATO BULAT BALADO RIORY;Pedas;BALL 1 KG;out;2024-09;40;50000;2000000
1145;PKR;POTATO  KOTAK RYORI;Asin;BALL 1 KG;out;2024-09;202;50000;10100000
1146;SA;SIOMAY AZAHRA;Pedas;BALL 1 KG;out;2024-09;45;60000;2700000
1147;SB;SALE BASAH ;Manis;BALL 1 KG;out;2024-09;28;46000;1288000
1148;SBM;SINGKONG BALADO MJ;Pedas;BALL 2 KG;out;2024-09;27;100000;2700000
1149;ST;SINGKONG TES ;Asin;BALL 2 KG;out;2024-09;80;120000;9600000
1150;SV;SEBLAK VIRAL;Pedas;BALL 1 KG;out;2024-09;85;68000;5780000
1151;SM;SISTIK MAWAR;Asin;BALL 1 KG;out;2024-09;80;65000;5200000
1152;SBT;STIK BALADO TAKARA;Pedas;BALL 1 KG;out;2024-09;28;60000;1680000
1153;SUL;SUMPIA UDANG JAYA LAKSANA ;Asin;BALL 2 KG;out;2024-09;45;110000;4950000
1154;TGW;TELOR GABUS WIJEN ;Asin;BALL 2 KG;out;2024-09;55;85000;4675000
1155;TGT;TELOR GABUS TJ;Asin;BALL 1 KG;out;2024-09;58;35000;2030000
1156;APA;ASTOR PANJANG ALADIN;Manis;BALL 4 KG;out;2024-10;40;165000;6600000
1157;AMA;ASTOR MINI ALADIN;Manis;BALL 4 KG;out;2024-10;36;140000;5040000
1158;APV;ASTOR PANJANG VALEO ;Manis;BALL 4 KG;out;2024-10;50;160000;8000000
1159;BI;BAGELEN ION;Manis;BALL 1 KG;out;2024-10;50;63000;3150000
1160;B2B;BANPOL 2 BURUNG;Asin;BALL 2 KG;out;2024-10;54;124000;6696000
1161;BK;BANTAL KEJU;Asin;BALL 1 KG;out;2024-10;55;60000;3300000
1162;BA;BASRENG ATO;Pedas;BALL 2 KG;out;2024-10;50;75000;3750000
1163;BO;BATAGOR ORI;Asin;BALL 2 KG;out;2024-10;46;70000;3220000
1164;BPD;BOLA PELANGI DUO;Manis;BALL 4 KG;out;2024-10;60;140000;8400000
1165;BSA;BOLU S AZZAHRA;Manis;BALL 1 KG;out;2024-10;56;65000;3640000
1166;BKT;BROWNIS KARAKTER;Manis;BALL 1 KG;out;2024-10;55;72000;3960000
1167;CO;CIKIBUL OSAKA;Manis;BALL 1 KG;out;2024-10;50;40000;2000000
1168;CW;CIPUT WAYANG ;Asin;BALL 1 KG;out;2024-10;46;80000;3680000
1169;CC;COCOSTIK;Manis;BALL 1 KG;out;2024-10;55;40000;2200000
1170;CP;COMBRING PEDAS;Pedas;BALL 1 KG;out;2024-10;55;60000;3300000
1171;GD;GURILEM DASYAT;Pedas;BALL 1 KG;out;2024-10;50;50000;2500000
1172;GL;GURILEM LYDIA;Pedas;BALL 1 KG;out;2024-10;46;55000;2530000
1173;KAB;KACANG ATOM BIMA ;Asin;BALL 2 KG;out;2024-10;55;110000;6050000
1174;KBA;KACANG BANDUNG ALADIN;Asin;BALL 2 KG;out;2024-10;60;150000;9000000
1175;KK;KACANG KEDELAI;Asin;BALL 2 KG;out;2024-10;56;110000;6160000
1176;KM;KACANG MIX;Asin;BALL 2 KG;out;2024-10;55;110000;6050000
1177;KTA;KACANG TELOR AMPERA;Asin;BALL 2 KG;out;2024-10;55;130000;7150000
1178;KTP;KACANG TOBA PEDAS;Pedas;BALL 2 KG;out;2024-10;50;110000;5500000
1179;KCI;KEMPLANG CAP IKAN ;Asin;BALL 1 KG;out;2024-10;50;75000;3750000
1180;KKW;KERUPUK KEMPLANG WHR;Asin;BALL 1 KG;out;2024-10;50;70000;3500000
1181;KMW;KUE MARIE WIJEN;Asin;BALL 2 KG;out;2024-10;50;115000;5750000
1182;KPM;KUPING MINI;Manis;BALL 1 KG;out;2024-10;55;40000;2200000
1183;LU;LADU UNGU;Manis;BALL 1 KG;out;2024-10;60;40000;2400000
1184;MC;MAKARONI CIKRUH;Pedas;BALL 1 KG;out;2024-10;56;70000;3920000
1185;MCM;MAKARONI CIKRUH MAWARASA;Pedas;BALL 1 KG;out;2024-10;55;70000;3850000
1186;MOK;MAKARONI ORI KIORY;Asin;BALL 1 KG;out;2024-10;50;55000;2750000
1187;MRB;MAKARONI RUJAK BALI ;Pedas;BALL 1 KG;out;2024-10;95;60000;5700000
1188;MT;MAKARONI TABUR;Pedas;BALL 1 KG;out;2024-10;55;60000;3300000
1189;MPK;ManisAN PALA KERING;Manis;BALL 4 KG;out;2024-10;50;240000;12000000
1190;MM;MARNING ;Asin;BALL 2 KG;out;2024-10;46;90000;4140000
1191;MCBM;MARNING CAP BOGOR MAS;Asin;BALL 2 KG;out;2024-10;55;127000;6985000
1192;MJS;MARNING JAGUNG AJI SUKA;Asin;BALL 2 KG;out;2024-10;55;100000;5500000
1193;MGS;MIE GULUNG ORI/Pedas SDP;Pedas;BALL 1 KG;out;2024-10;60;75000;4500000
1194;PM;PANGSIT MAWAR;Pedas;BALL 1 KG;out;2024-10;56;70000;3920000
1195;PTB;PILUS TIGA BURUNG ;Asin;BALL 1 KG;out;2024-10;55;53000;2915000
1196;PAM;PISANG AROMA MAUYUT;Manis;BALL 2 KG;out;2024-10;55;75000;4125000
1197;PAS;PISANG ASIN SDP;Asin;BALL 2 KG;out;2024-10;50;80000;4000000
1198;PST;POKEN STIK TAKARA;Asin;BALL 1 KG;out;2024-10;46;65000;2990000
1199;PBR;POTATO BULAT BALADO RIORY;Pedas;BALL 1 KG;out;2024-10;50;50000;2500000
1200;PKR;POTATO  KOTAK RYORI;Asin;BALL 1 KG;out;2024-10;190;50000;9500000
1201;SA;SIOMAY AZAHRA;Pedas;BALL 1 KG;out;2024-10;55;60000;3300000
1202;SB;SALE BASAH ;Manis;BALL 1 KG;out;2024-10;50;46000;2300000
1203;SBM;SINGKONG BALADO MJ;Pedas;BALL 2 KG;out;2024-10;36;100000;3600000
1204;ST;SINGKONG TES ;Asin;BALL 2 KG;out;2024-10;50;120000;6000000
1205;SV;SEBLAK VIRAL;Pedas;BALL 1 KG;out;2024-10;70;68000;4760000
1206;SM;SISTIK MAWAR;Asin;BALL 1 KG;out;2024-10;50;65000;3250000
1207;SBT;STIK BALADO TAKARA;Pedas;BALL 1 KG;out;2024-10;50;60000;3000000
1208;SUL;SUMPIA UDANG JAYA LAKSANA ;Asin;BALL 2 KG;out;2024-10;55;110000;6050000
1209;TGW;TELOR GABUS WIJEN ;Asin;BALL 2 KG;out;2024-10;50;85000;4250000
1210;TGT;TELOR GABUS TJ;Asin;BALL 1 KG;out;2024-10;46;35000;1610000
1211;APA;ASTOR PANJANG ALADIN;Manis;BALL 4 KG;out;2024-11;26;165000;4290000
1212;AMA;ASTOR MINI ALADIN;Manis;BALL 4 KG;out;2024-11;48;140000;6720000
1213;APV;ASTOR PANJANG VALEO ;Manis;BALL 4 KG;out;2024-11;56;160000;8960000
1214;BI;BAGELEN ION;Manis;BALL 1 KG;out;2024-11;25;63000;1575000
1215;B2B;BANPOL 2 BURUNG;Asin;BALL 2 KG;out;2024-11;45;124000;5580000
1216;BK;BANTAL KEJU;Asin;BALL 1 KG;out;2024-11;40;60000;2400000
1217;BA;BASRENG ATO;Pedas;BALL 2 KG;out;2024-11;58;75000;4350000
1218;BO;BATAGOR ORI;Asin;BALL 2 KG;out;2024-11;55;70000;3850000
1219;BPD;BOLA PELANGI DUO;Manis;BALL 4 KG;out;2024-11;58;140000;8120000
1220;BSA;BOLU S AZZAHRA;Manis;BALL 1 KG;out;2024-11;55;65000;3575000
1221;BKT;BROWNIS KARAKTER;Manis;BALL 1 KG;out;2024-11;40;72000;2880000
1222;CO;CIKIBUL OSAKA;Manis;BALL 1 KG;out;2024-11;55;40000;2200000
1223;CW;CIPUT WAYANG ;Asin;BALL 1 KG;out;2024-11;55;80000;4400000
1224;CC;COCOSTIK;Manis;BALL 1 KG;out;2024-11;40;40000;1600000
1225;CP;COMBRING PEDAS;Pedas;BALL 1 KG;out;2024-11;40;60000;2400000
1226;GD;GURILEM DASYAT;Pedas;BALL 1 KG;out;2024-11;58;50000;2900000
1227;GL;GURILEM LYDIA;Pedas;BALL 1 KG;out;2024-11;55;55000;3025000
1228;KAB;KACANG ATOM BIMA ;Asin;BALL 2 KG;out;2024-11;40;110000;4400000
1229;KBA;KACANG BANDUNG ALADIN;Asin;BALL 2 KG;out;2024-11;58;150000;8700000
1230;KK;KACANG KEDELAI;Asin;BALL 2 KG;out;2024-11;55;110000;6050000
1231;KM;KACANG MIX;Asin;BALL 2 KG;out;2024-11;50;110000;5500000
1232;KTA;KACANG TELOR AMPERA;Asin;BALL 2 KG;out;2024-11;40;130000;5200000
1233;KTP;KACANG TOBA PEDAS;Pedas;BALL 2 KG;out;2024-11;58;110000;6380000
1234;KCI;KEMPLANG CAP IKAN ;Asin;BALL 1 KG;out;2024-11;30;75000;2250000
1235;KKW;KERUPUK KEMPLANG WHR;Asin;BALL 1 KG;out;2024-11;66;70000;4620000
1236;KMW;KUE MARIE WIJEN;Asin;BALL 2 KG;out;2024-11;25;115000;2875000
1237;KPM;KUPING MINI;Manis;BALL 1 KG;out;2024-11;40;40000;1600000
1238;LU;LADU UNGU;Manis;BALL 1 KG;out;2024-11;58;40000;2320000
1239;MC;MAKARONI CIKRUH;Pedas;BALL 1 KG;out;2024-11;65;70000;4550000
1240;MCM;MAKARONI CIKRUH MAWARASA;Pedas;BALL 1 KG;out;2024-11;40;70000;2800000
1241;MOK;MAKARONI ORI KIORY;Asin;BALL 1 KG;out;2024-11;55;55000;3025000
1242;MRB;MAKARONI RUJAK BALI ;Pedas;BALL 1 KG;out;2024-11;100;60000;6000000
1243;MT;MAKARONI TABUR;Pedas;BALL 1 KG;out;2024-11;40;60000;2400000
1244;MPK;ManisAN PALA KERING;Manis;BALL 4 KG;out;2024-11;55;240000;13200000
1245;MM;MARNING ;Asin;BALL 2 KG;out;2024-11;55;90000;4950000
1246;MCBM;MARNING CAP BOGOR MAS;Asin;BALL 2 KG;out;2024-11;40;127000;5080000
1247;MJS;MARNING JAGUNG AJI SUKA;Asin;BALL 2 KG;out;2024-11;40;100000;4000000
1248;MGS;MIE GULUNG ORI/Pedas SDP;Pedas;BALL 1 KG;out;2024-11;58;75000;4350000
1249;PM;PANGSIT MAWAR;Pedas;BALL 1 KG;out;2024-11;55;70000;3850000
1250;PTB;PILUS TIGA BURUNG ;Asin;BALL 1 KG;out;2024-11;50;53000;2650000
1251;PAM;PISANG AROMA MAUYUT;Manis;BALL 2 KG;out;2024-11;40;75000;3000000
1252;PAS;PISANG ASIN SDP;Asin;BALL 2 KG;out;2024-11;58;80000;4640000
1253;PST;POKEN STIK TAKARA;Asin;BALL 1 KG;out;2024-11;55;65000;3575000
1254;PBR;POTATO BULAT BALADO RIORY;Pedas;BALL 1 KG;out;2024-11;30;50000;1500000
1255;PKR;POTATO  KOTAK RYORI;Asin;BALL 1 KG;out;2024-11;210;50000;10500000
1256;SA;SIOMAY AZAHRA;Pedas;BALL 1 KG;out;2024-11;40;60000;2400000
1257;SB;SALE BASAH ;Manis;BALL 1 KG;out;2024-11;26;46000;1196000
1258;SBM;SINGKONG BALADO MJ;Pedas;BALL 2 KG;out;2024-11;48;100000;4800000
1259;ST;SINGKONG TES ;Asin;BALL 2 KG;out;2024-11;66;120000;7920000
1260;SV;SEBLAK VIRAL;Pedas;BALL 1 KG;out;2024-11;50;68000;3400000
1261;SM;SISTIK MAWAR;Asin;BALL 1 KG;out;2024-11;66;65000;4290000
1262;SBT;STIK BALADO TAKARA;Pedas;BALL 1 KG;out;2024-11;25;60000;1500000
1263;SUL;SUMPIA UDANG JAYA LAKSANA ;Asin;BALL 2 KG;out;2024-11;40;110000;4400000
1264;TGW;TELOR GABUS WIJEN ;Asin;BALL 2 KG;out;2024-11;55;85000;4675000
1265;TGT;TELOR GABUS TJ;Asin;BALL 1 KG;out;2024-11;55;35000;1925000
1266;APA;ASTOR PANJANG ALADIN;Manis;BALL 4 KG;out;2024-12;28;165000;4620000
1267;AMA;ASTOR MINI ALADIN;Manis;BALL 4 KG;out;2024-12;50;140000;7000000
1268;APV;ASTOR PANJANG VALEO ;Manis;BALL 4 KG;out;2024-12;46;160000;7360000
1269;BI;BAGELEN ION;Manis;BALL 1 KG;out;2024-12;25;63000;1575000
1270;B2B;BANPOL 2 BURUNG;Asin;BALL 2 KG;out;2024-12;15;124000;1860000
1271;BK;BANTAL KEJU;Asin;BALL 1 KG;out;2024-12;58;60000;3480000
1272;BA;BASRENG ATO;Pedas;BALL 2 KG;out;2024-12;78;75000;5850000
1273;BO;BATAGOR ORI;Asin;BALL 2 KG;out;2024-12;60;70000;4200000
1274;BPD;BOLA PELANGI DUO;Manis;BALL 4 KG;out;2024-12;78;140000;10920000
1275;BSA;BOLU S AZZAHRA;Manis;BALL 1 KG;out;2024-12;60;65000;3900000
1276;BKT;BROWNIS KARAKTER;Manis;BALL 1 KG;out;2024-12;42;72000;3024000
1277;CO;CIKIBUL OSAKA;Manis;BALL 1 KG;out;2024-12;74;40000;2960000
1278;CW;CIPUT WAYANG ;Asin;BALL 1 KG;out;2024-12;60;80000;4800000
1279;CC;COCOSTIK;Manis;BALL 1 KG;out;2024-12;58;40000;2320000
1280;CP;COMBRING PEDAS;Pedas;BALL 1 KG;out;2024-12;58;60000;3480000
1281;GD;GURILEM DASYAT;Pedas;BALL 1 KG;out;2024-12;78;50000;3900000
1282;GL;GURILEM LYDIA;Pedas;BALL 1 KG;out;2024-12;60;55000;3300000
1283;KAB;KACANG ATOM BIMA ;Asin;BALL 2 KG;out;2024-12;58;110000;6380000
1284;KBA;KACANG BANDUNG ALADIN;Asin;BALL 2 KG;out;2024-12;78;150000;11700000
1285;KK;KACANG KEDELAI;Asin;BALL 2 KG;out;2024-12;60;110000;6600000
1286;KM;KACANG MIX;Asin;BALL 2 KG;out;2024-12;65;110000;7150000
1287;KTA;KACANG TELOR AMPERA;Asin;BALL 2 KG;out;2024-12;58;130000;7540000
1288;KTP;KACANG TOBA PEDAS;Pedas;BALL 2 KG;out;2024-12;78;110000;8580000
1289;KCI;KEMPLANG CAP IKAN ;Asin;BALL 1 KG;out;2024-12;40;75000;3000000
1290;KKW;KERUPUK KEMPLANG WHR;Asin;BALL 1 KG;out;2024-12;46;70000;3220000
1291;KMW;KUE MARIE WIJEN;Asin;BALL 2 KG;out;2024-12;25;115000;2875000
1292;KPM;KUPING MINI;Manis;BALL 1 KG;out;2024-12;52;40000;2080000
1293;LU;LADU UNGU;Manis;BALL 1 KG;out;2024-12;78;40000;3120000
1294;MC;MAKARONI CIKRUH;Pedas;BALL 1 KG;out;2024-12;60;70000;4200000
1295;MCM;MAKARONI CIKRUH MAWARASA;Pedas;BALL 1 KG;out;2024-12;60;70000;4200000
1296;MOK;MAKARONI ORI KIORY;Asin;BALL 1 KG;out;2024-12;74;55000;4070000
1297;MRB;MAKARONI RUJAK BALI ;Pedas;BALL 1 KG;out;2024-12;110;60000;6600000
1298;MT;MAKARONI TABUR;Pedas;BALL 1 KG;out;2024-12;52;60000;3120000
1299;MPK;ManisAN PALA KERING;Manis;BALL 4 KG;out;2024-12;64;240000;15360000
1300;MM;MARNING ;Asin;BALL 2 KG;out;2024-12;60;90000;5400000
1301;MCBM;MARNING CAP BOGOR MAS;Asin;BALL 2 KG;out;2024-12;58;127000;7366000
1302;MJS;MARNING JAGUNG AJI SUKA;Asin;BALL 2 KG;out;2024-12;58;100000;5800000
1303;MGS;MIE GULUNG ORI/Pedas SDP;Pedas;BALL 1 KG;out;2024-12;78;75000;5850000
1304;PM;PANGSIT MAWAR;Pedas;BALL 1 KG;out;2024-12;60;70000;4200000
1305;PTB;PILUS TIGA BURUNG ;Asin;BALL 1 KG;out;2024-12;65;53000;3445000
1306;PAM;PISANG AROMA MAUYUT;Manis;BALL 2 KG;out;2024-12;58;75000;4350000
1307;PAS;PISANG ASIN SDP;Asin;BALL 2 KG;out;2024-12;78;80000;6240000
1308;PST;POKEN STIK TAKARA;Asin;BALL 1 KG;out;2024-12;60;65000;3900000
1309;PBR;POTATO BULAT BALADO RIORY;Pedas;BALL 1 KG;out;2024-12;35;50000;1750000
1310;PKR;POTATO  KOTAK RYORI;Asin;BALL 1 KG;out;2024-12;250;50000;12500000
1311;SA;SIOMAY AZAHRA;Pedas;BALL 1 KG;out;2024-12;42;60000;2520000
1312;SB;SALE BASAH ;Manis;BALL 1 KG;out;2024-12;28;46000;1288000
1313;SBM;SINGKONG BALADO MJ;Pedas;BALL 2 KG;out;2024-12;50;100000;5000000
1314;ST;SINGKONG TES ;Asin;BALL 2 KG;out;2024-12;46;120000;5520000
1315;SV;SEBLAK VIRAL;Pedas;BALL 1 KG;out;2024-12;70;68000;4760000
1316;SM;SISTIK MAWAR;Asin;BALL 1 KG;out;2024-12;46;65000;2990000
1317;SBT;STIK BALADO TAKARA;Pedas;BALL 1 KG;out;2024-12;25;60000;1500000
1318;SUL;SUMPIA UDANG JAYA LAKSANA ;Asin;BALL 2 KG;out;2024-12;52;110000;5720000
1319;TGW;TELOR GABUS WIJEN ;Asin;BALL 2 KG;out;2024-12;74;85000;6290000
1320;TGT;TELOR GABUS TJ;Asin;BALL 1 KG;out;2024-12;60;35000;2100000
